tsne_1,tsne_2,Cover_Type,Cover_Type_Name,MiniBatchKMeans_cluster,Ward_cluster
-3.8231115,-20.218195,1,Spruce/Fir,1,1
31.627628,-19.871964,2,Lodgepole Pine,0,0
-17.31499,-51.56392,1,Spruce/Fir,1,1
-31.996939,53.07573,2,Lodgepole Pine,1,1
-23.796715,3.4176242,1,Spruce/Fir,1,1
-18.517948,40.83695,2,Lodgepole Pine,1,1
-32.175816,-6.281314,7,Krummholz,1,1
8.455617,-28.132084,1,Spruce/Fir,1,1
-31.261583,29.262896,1,Spruce/Fir,1,1
25.560038,45.681923,2,Lodgepole Pine,0,0
23.306486,12.957563,2,Lodgepole Pine,0,0
27.450012,32.351654,2,Lodgepole Pine,0,0
12.7107115,13.551624,5,Aspen,0,0
34.973778,-38.160423,1,Spruce/Fir,0,0
24.298494,56.52556,2,Lodgepole Pine,0,0
-25.45297,-10.104349,7,Krummholz,1,1
-15.100194,-48.105625,1,Spruce/Fir,1,1
-40.493732,13.794962,1,Spruce/Fir,1,0
-21.554262,-49.568085,1,Spruce/Fir,1,1
-41.79624,29.163555,1,Spruce/Fir,1,1
-51.788666,-47.163624,2,Lodgepole Pine,1,1
0.5302747,-55.706055,1,Spruce/Fir,1,1
32.437862,4.6575513,1,Spruce/Fir,0,0
44.666473,-7.9687676,2,Lodgepole Pine,0,0
26.24576,-50.692963,1,Spruce/Fir,0,0
-14.728257,38.247677,2,Lodgepole Pine,1,1
37.85326,-27.864021,2,Lodgepole Pine,0,0
57.045967,15.818235,2,Lodgepole Pine,0,0
9.8912735,20.426447,2,Lodgepole Pine,1,0
-41.85136,35.70514,2,Lodgepole Pine,1,1
-38.955067,11.171732,2,Lodgepole Pine,1,0
60.545593,46.44509,3,Ponderosa Pine,0,0
-55.434517,-46.99967,2,Lodgepole Pine,1,1
45.837788,13.368647,2,Lodgepole Pine,0,0
-41.017036,-28.11919,2,Lodgepole Pine,1,1
-5.9769607,28.013699,1,Spruce/Fir,1,1
7.295235,28.543386,1,Spruce/Fir,1,1
44.972946,-31.441818,2,Lodgepole Pine,0,0
-41.979755,35.39255,2,Lodgepole Pine,1,1
-36.034473,-38.430683,2,Lodgepole Pine,1,1
-10.83472,-69.550095,2,Lodgepole Pine,1,1
47.718784,36.582817,2,Lodgepole Pine,0,0
-44.30194,-26.087889,2,Lodgepole Pine,1,1
-10.772766,-82.160446,2,Lodgepole Pine,1,1
-29.650057,20.72459,2,Lodgepole Pine,1,1
-35.85204,67.75298,3,Ponderosa Pine,1,1
-40.869804,47.51178,2,Lodgepole Pine,1,1
-3.816638,-15.822591,2,Lodgepole Pine,1,1
21.245577,21.646173,2,Lodgepole Pine,0,0
-7.3560443,38.87203,1,Spruce/Fir,1,1
-2.2724907,-54.698727,2,Lodgepole Pine,1,1
-35.784348,-13.439068,1,Spruce/Fir,1,1
-7.4013295,27.887424,1,Spruce/Fir,1,1
4.984082,-28.540388,1,Spruce/Fir,1,1
-5.9977446,4.5058103,1,Spruce/Fir,1,1
-44.19255,-44.45555,2,Lodgepole Pine,1,1
-29.123146,-14.121031,1,Spruce/Fir,1,1
57.22132,-26.528429,1,Spruce/Fir,0,0
-17.869938,-81.39968,2,Lodgepole Pine,1,1
6.6887274,-34.99336,1,Spruce/Fir,1,1
28.96253,52.70988,2,Lodgepole Pine,0,0
29.088121,1.8997307,1,Spruce/Fir,0,0
-41.261143,48.490997,2,Lodgepole Pine,1,1
14.730132,-63.67144,2,Lodgepole Pine,0,0
16.848385,30.600672,2,Lodgepole Pine,0,0
47.43756,-10.911583,2,Lodgepole Pine,0,0
-15.460689,0.024328083,1,Spruce/Fir,1,1
0.5390856,26.015984,1,Spruce/Fir,1,1
12.544904,-58.420467,2,Lodgepole Pine,1,1
41.294262,19.721972,2,Lodgepole Pine,0,0
-11.442404,56.5587,2,Lodgepole Pine,1,1
-7.6506867,-21.845478,1,Spruce/Fir,1,1
-34.816105,30.027039,1,Spruce/Fir,1,1
34.830227,-47.761395,2,Lodgepole Pine,0,0
26.482512,-39.55084,1,Spruce/Fir,0,0
16.119,51.253857,3,Ponderosa Pine,0,1
-25.65624,31.232233,1,Spruce/Fir,1,1
11.704673,49.872746,2,Lodgepole Pine,1,1
-1.9614365,1.2999047,1,Spruce/Fir,1,1
-18.596706,-4.410157,1,Spruce/Fir,1,1
-31.386118,13.894974,2,Lodgepole Pine,1,0
-2.84002,19.699158,1,Spruce/Fir,1,1
55.123356,28.808903,5,Aspen,0,0
15.893324,-60.45734,2,Lodgepole Pine,0,0
-40.035374,26.927256,2,Lodgepole Pine,1,1
-18.925293,76.23566,3,Ponderosa Pine,1,1
-38.679806,-22.200659,2,Lodgepole Pine,1,1
-47.785595,40.665825,2,Lodgepole Pine,1,1
-27.063076,34.80864,1,Spruce/Fir,1,1
49.47871,-6.4261465,7,Krummholz,0,0
31.027271,8.199344,1,Spruce/Fir,0,0
-35.104523,2.5465539,7,Krummholz,1,0
-11.904044,24.73771,2,Lodgepole Pine,1,1
-27.561895,51.036583,6,Douglas-fir,1,1
-55.523552,-7.4444437,5,Aspen,1,1
53.328526,10.372314,1,Spruce/Fir,0,0
-36.07048,10.757153,2,Lodgepole Pine,1,0
14.881346,8.889123,1,Spruce/Fir,0,0
67.943146,46.70397,3,Ponderosa Pine,0,0
-37.85856,-26.19817,2,Lodgepole Pine,1,1
26.430643,-48.683556,2,Lodgepole Pine,0,0
25.175581,-42.304413,2,Lodgepole Pine,0,0
0.6407101,27.321426,1,Spruce/Fir,1,1
-6.8749,17.393835,7,Krummholz,1,1
-19.949842,-58.715553,1,Spruce/Fir,1,1
71.901764,44.916702,6,Douglas-fir,0,0
-2.3835447,-57.113033,1,Spruce/Fir,1,1
-26.63746,70.42512,3,Ponderosa Pine,1,1
64.87638,44.792664,2,Lodgepole Pine,0,0
37.65635,-42.503853,1,Spruce/Fir,0,0
-37.901768,14.583355,2,Lodgepole Pine,1,0
55.76229,-29.139837,1,Spruce/Fir,0,0
-20.506884,-55.22918,1,Spruce/Fir,1,1
-58.684162,-23.858185,2,Lodgepole Pine,1,1
-30.582855,-10.779379,1,Spruce/Fir,1,1
-21.227833,21.575483,1,Spruce/Fir,1,1
-25.678106,22.394653,1,Spruce/Fir,1,1
1.0604293,-48.740643,2,Lodgepole Pine,1,1
13.5454235,-59.4709,2,Lodgepole Pine,0,1
62.365852,52.909855,3,Ponderosa Pine,0,0
6.317343,-46.891575,2,Lodgepole Pine,1,1
23.01909,25.134535,2,Lodgepole Pine,0,0
-3.9236805,-37.680077,2,Lodgepole Pine,1,1
-15.856543,-22.01957,1,Spruce/Fir,1,1
-16.622553,0.8274532,1,Spruce/Fir,1,1
45.429527,-6.5681357,2,Lodgepole Pine,0,0
-14.378669,34.204723,2,Lodgepole Pine,1,1
-47.053284,-21.193487,1,Spruce/Fir,1,1
-8.046946,-58.314,2,Lodgepole Pine,1,1
-27.696667,74.51216,3,Ponderosa Pine,1,1
25.776548,-61.614166,1,Spruce/Fir,0,0
65.27446,42.340874,6,Douglas-fir,0,0
-41.460033,-31.992907,2,Lodgepole Pine,1,1
29.604055,40.03903,2,Lodgepole Pine,0,0
-22.91209,-16.980772,1,Spruce/Fir,1,1
-21.478521,-50.085144,1,Spruce/Fir,1,1
45.249638,2.3139708,1,Spruce/Fir,0,0
-53.768486,-50.296665,2,Lodgepole Pine,1,1
32.559673,-50.19635,2,Lodgepole Pine,0,0
-30.916176,30.60241,2,Lodgepole Pine,1,1
55.231785,18.878845,2,Lodgepole Pine,0,0
-52.850117,-47.37473,2,Lodgepole Pine,1,1
0.5957107,50.473045,6,Douglas-fir,0,0
21.303453,1.5960627,1,Spruce/Fir,0,0
-36.770935,-3.540913,1,Spruce/Fir,1,1
-39.189816,41.147224,2,Lodgepole Pine,1,1
-32.164005,-74.80249,2,Lodgepole Pine,1,1
-19.91844,-30.301464,2,Lodgepole Pine,1,0
-37.253384,12.105238,2,Lodgepole Pine,1,0
-6.727181,-48.855473,1,Spruce/Fir,1,1
-48.03701,-22.611897,2,Lodgepole Pine,1,1
2.5884576,57.18014,3,Ponderosa Pine,1,1
-16.337612,55.5948,3,Ponderosa Pine,1,1
8.866637,21.120102,2,Lodgepole Pine,1,0
23.755384,-35.865746,2,Lodgepole Pine,0,0
-16.366108,-49.073723,2,Lodgepole Pine,1,1
10.468604,-29.085354,1,Spruce/Fir,1,1
39.32136,-39.633396,1,Spruce/Fir,0,0
42.360374,24.000563,2,Lodgepole Pine,0,0
-15.560518,-34.327766,2,Lodgepole Pine,1,1
58.001694,23.25379,2,Lodgepole Pine,0,0
-43.025185,-30.06381,2,Lodgepole Pine,1,1
31.548635,57.08606,3,Ponderosa Pine,0,0
-12.399667,27.165922,1,Spruce/Fir,1,1
50.174164,22.51173,1,Spruce/Fir,0,0
27.092312,-32.87001,1,Spruce/Fir,0,0
-31.255035,51.2986,1,Spruce/Fir,1,1
27.82349,-35.196205,2,Lodgepole Pine,0,0
6.570587,-35.135483,1,Spruce/Fir,1,1
-27.972254,34.154575,1,Spruce/Fir,1,1
-44.92553,42.71894,2,Lodgepole Pine,1,1
-7.801107,-50.416378,1,Spruce/Fir,1,1
-37.929947,-19.798634,2,Lodgepole Pine,1,1
-58.13795,-20.526789,2,Lodgepole Pine,1,1
-7.2035146,-57.44567,1,Spruce/Fir,1,1
-15.230922,-55.03544,7,Krummholz,1,1
23.04166,-50.323467,2,Lodgepole Pine,0,0
28.386309,46.666965,2,Lodgepole Pine,0,0
35.012794,-47.233315,1,Spruce/Fir,0,0
-37.554447,71.33088,3,Ponderosa Pine,1,1
-24.241764,53.935726,2,Lodgepole Pine,1,1
-12.49984,-13.78666,1,Spruce/Fir,1,1
9.6208105,-12.160703,1,Spruce/Fir,0,0
23.41623,22.370214,1,Spruce/Fir,0,0
23.51849,47.43432,2,Lodgepole Pine,0,0
-32.513138,-13.391282,1,Spruce/Fir,1,1
-13.166249,-83.274574,2,Lodgepole Pine,1,1
-12.86877,-46.042847,2,Lodgepole Pine,1,1
-45.7028,34.417492,6,Douglas-fir,1,1
-41.537495,45.127197,2,Lodgepole Pine,1,1
-30.335417,34.07686,1,Spruce/Fir,1,1
34.127235,-25.6909,2,Lodgepole Pine,0,0
-47.254036,-17.252676,2,Lodgepole Pine,1,1
24.478142,51.857544,2,Lodgepole Pine,0,0
-12.692832,-54.539112,1,Spruce/Fir,1,1
-43.320293,-10.392771,1,Spruce/Fir,1,1
53.370224,11.14319,1,Spruce/Fir,0,0
46.608883,28.717356,5,Aspen,0,0
-53.13531,-46.63473,2,Lodgepole Pine,1,1
-12.259006,-70.69769,1,Spruce/Fir,1,1
23.322859,44.23191,2,Lodgepole Pine,0,0
-7.3323154,22.455778,1,Spruce/Fir,1,1
-22.314484,-2.2033942,1,Spruce/Fir,1,1
-54.074047,-28.553486,2,Lodgepole Pine,1,1
15.191571,-63.95025,2,Lodgepole Pine,0,0
-7.217051,42.320347,2,Lodgepole Pine,1,1
-34.684383,-24.260666,2,Lodgepole Pine,1,1
46.36079,-25.012575,2,Lodgepole Pine,0,0
-19.039648,35.652885,1,Spruce/Fir,1,1
5.4802346,-53.280426,2,Lodgepole Pine,1,1
-56.129116,-24.769758,5,Aspen,1,1
-5.823453,48.050945,1,Spruce/Fir,1,1
41.704395,23.833864,2,Lodgepole Pine,0,0
36.38249,1.159851,2,Lodgepole Pine,0,0
36.6847,46.872177,2,Lodgepole Pine,0,0
-11.388391,32.22678,1,Spruce/Fir,1,1
47.243546,21.469244,2,Lodgepole Pine,0,0
8.532895,48.430603,2,Lodgepole Pine,1,1
-40.073814,6.2963953,1,Spruce/Fir,1,0
12.917562,-65.65125,2,Lodgepole Pine,1,0
61.41172,45.215378,6,Douglas-fir,0,0
29.903418,-50.47189,1,Spruce/Fir,0,0
55.563923,12.422499,1,Spruce/Fir,0,0
32.763477,-38.240112,2,Lodgepole Pine,0,0
-14.94261,57.572536,2,Lodgepole Pine,1,1
-45.125954,-46.063606,2,Lodgepole Pine,1,1
33.438587,-19.813036,2,Lodgepole Pine,0,0
15.938757,51.02194,3,Ponderosa Pine,1,1
24.067465,43.819748,2,Lodgepole Pine,0,0
-1.4954232,-43.41339,2,Lodgepole Pine,1,1
-57.44832,-9.766167,2,Lodgepole Pine,1,1
38.924664,-40.237846,1,Spruce/Fir,0,0
21.61949,42.36991,5,Aspen,1,0
-25.632473,-4.3854275,1,Spruce/Fir,1,1
-0.5164407,-66.10956,2,Lodgepole Pine,1,1
-6.002529,27.248428,2,Lodgepole Pine,1,1
6.6010213,-36.31456,1,Spruce/Fir,1,1
14.896698,3.2790456,2,Lodgepole Pine,1,0
-47.75384,-6.238184,2,Lodgepole Pine,1,1
20.564276,-41.915337,2,Lodgepole Pine,0,0
23.561663,-4.057095,2,Lodgepole Pine,0,0
40.981564,37.721115,2,Lodgepole Pine,0,0
12.924016,39.578117,2,Lodgepole Pine,1,1
-22.121536,-30.669573,2,Lodgepole Pine,1,1
-42.376034,34.076775,2,Lodgepole Pine,1,1
-36.212082,37.48083,2,Lodgepole Pine,1,1
43.185486,-40.87687,1,Spruce/Fir,0,0
44.969906,36.0357,2,Lodgepole Pine,0,0
41.65333,14.537525,1,Spruce/Fir,0,0
-20.442213,5.4992976,1,Spruce/Fir,1,1
62.05691,14.321189,2,Lodgepole Pine,0,0
-0.07115893,47.065926,2,Lodgepole Pine,1,1
-18.06732,-52.475582,1,Spruce/Fir,1,1
-35.32371,37.884167,1,Spruce/Fir,1,1
36.767918,48.121517,2,Lodgepole Pine,0,0
60.149452,-34.478527,2,Lodgepole Pine,0,0
-11.59779,-64.693794,1,Spruce/Fir,1,1
-25.668444,73.13549,3,Ponderosa Pine,1,1
63.047672,18.25426,1,Spruce/Fir,0,0
-15.037832,-67.69105,1,Spruce/Fir,1,1
-41.90277,-28.363148,2,Lodgepole Pine,1,1
-38.530655,-13.590708,1,Spruce/Fir,1,1
-35.050293,-33.15808,2,Lodgepole Pine,1,1
14.294303,55.87135,3,Ponderosa Pine,0,1
15.23979,9.076651,1,Spruce/Fir,0,0
-40.56096,6.170465,1,Spruce/Fir,1,0
-13.237229,59.133694,2,Lodgepole Pine,1,1
-44.16219,2.2405548,2,Lodgepole Pine,1,0
-31.924564,9.873553,2,Lodgepole Pine,1,0
-26.317682,76.20643,6,Douglas-fir,1,1
-8.912131,-12.37234,2,Lodgepole Pine,1,1
-31.737087,-75.40253,5,Aspen,1,1
-12.528959,53.122555,5,Aspen,1,1
-7.714748,-15.843622,1,Spruce/Fir,1,1
21.32935,-65.62214,1,Spruce/Fir,0,0
-23.465252,-39.564896,1,Spruce/Fir,1,1
35.769047,-36.08009,2,Lodgepole Pine,0,0
-19.174236,-3.3663418,7,Krummholz,1,1
-10.293739,14.308524,7,Krummholz,1,1
41.581673,-34.393375,2,Lodgepole Pine,0,0
25.716087,-50.777042,1,Spruce/Fir,0,0
-18.38482,29.407007,1,Spruce/Fir,1,1
-41.80391,-16.522001,2,Lodgepole Pine,1,1
-22.98436,49.210995,1,Spruce/Fir,1,1
-22.956493,36.38261,1,Spruce/Fir,1,1
-56.24812,-46.260227,2,Lodgepole Pine,1,1
-4.170153,33.611538,1,Spruce/Fir,1,1
-22.735004,-1.3293222,7,Krummholz,1,1
-40.937027,-17.78561,1,Spruce/Fir,1,1
18.229544,7.20248,2,Lodgepole Pine,0,0
52.827187,-3.931514,1,Spruce/Fir,0,0
42.481556,-3.208128,1,Spruce/Fir,0,0
57.72957,-25.921452,1,Spruce/Fir,0,0
-25.298153,76.35818,3,Ponderosa Pine,1,1
-19.612877,-44.960728,2,Lodgepole Pine,1,1
16.235321,-16.520124,1,Spruce/Fir,0,0
-4.374623,32.769947,2,Lodgepole Pine,1,1
-40.99582,-23.430037,2,Lodgepole Pine,1,1
-42.257656,-49.90549,1,Spruce/Fir,1,1
50.1179,-34.21981,2,Lodgepole Pine,0,0
63.66647,20.470257,2,Lodgepole Pine,0,0
-35.514423,25.189749,7,Krummholz,1,1
1.2617204,-22.026136,1,Spruce/Fir,1,1
5.1260614,9.653145,2,Lodgepole Pine,1,0
-54.669197,-43.931667,2,Lodgepole Pine,1,1
-44.914894,-50.543846,2,Lodgepole Pine,1,1
10.877691,-28.667994,1,Spruce/Fir,1,1
37.037815,-31.558775,1,Spruce/Fir,0,0
-37.734158,35.036095,1,Spruce/Fir,1,1
48.58139,7.508045,1,Spruce/Fir,0,0
-14.231124,0.11966086,2,Lodgepole Pine,1,1
-21.690351,-59.54624,1,Spruce/Fir,1,1
-3.688402,47.664253,2,Lodgepole Pine,1,1
-10.784089,-22.643585,2,Lodgepole Pine,1,1
-14.509864,12.228199,1,Spruce/Fir,1,0
-33.905834,39.255035,2,Lodgepole Pine,1,1
-53.81519,-25.566975,2,Lodgepole Pine,1,1
-14.7574835,3.161745,1,Spruce/Fir,1,1
24.723175,-4.285204,1,Spruce/Fir,0,0
-3.7499366,40.529606,1,Spruce/Fir,1,1
-30.831545,-22.459492,1,Spruce/Fir,1,1
13.421655,-14.129769,2,Lodgepole Pine,0,0
42.68241,10.352168,7,Krummholz,0,0
-43.41547,29.776487,2,Lodgepole Pine,1,1
38.855736,-38.04863,1,Spruce/Fir,0,0
-12.030845,-58.39442,1,Spruce/Fir,1,1
-33.196987,-26.3178,1,Spruce/Fir,1,1
43.03844,-44.274567,1,Spruce/Fir,0,0
26.812473,2.2912197,1,Spruce/Fir,0,0
49.07373,34.71373,1,Spruce/Fir,0,0
-4.7234044,-19.376678,1,Spruce/Fir,1,1
-9.482924,-74.80223,2,Lodgepole Pine,1,1
-35.523983,25.060566,7,Krummholz,1,1
-37.537544,-20.954712,1,Spruce/Fir,1,1
-36.74924,-27.367794,2,Lodgepole Pine,1,1
37.20971,-48.88645,1,Spruce/Fir,0,0
-19.151134,-5.5100565,1,Spruce/Fir,1,1
37.6079,-37.324677,2,Lodgepole Pine,0,0
-17.278547,44.425343,2,Lodgepole Pine,1,1
-53.242325,-41.70496,2,Lodgepole Pine,1,1
15.790756,20.929914,7,Krummholz,0,0
-33.52106,15.832282,1,Spruce/Fir,1,0
50.756313,16.365751,1,Spruce/Fir,0,0
20.62473,27.865524,1,Spruce/Fir,0,0
54.502357,29.009056,2,Lodgepole Pine,0,0
-21.626118,-29.298712,1,Spruce/Fir,1,1
55.169006,-9.2426195,1,Spruce/Fir,0,0
70.87802,37.634228,4,Cottonwood/Willow,0,0
33.251728,-17.792955,2,Lodgepole Pine,1,1
-33.69406,15.775492,1,Spruce/Fir,1,0
-3.191782,52.324062,1,Spruce/Fir,1,1
20.424112,-51.528034,1,Spruce/Fir,0,0
36.478046,-31.447624,1,Spruce/Fir,0,0
-9.523759,-45.38623,2,Lodgepole Pine,1,1
31.759512,-34.886578,2,Lodgepole Pine,0,0
-42.563076,-51.963184,2,Lodgepole Pine,1,1
15.56274,-16.241962,2,Lodgepole Pine,1,0
-56.099632,-9.174961,1,Spruce/Fir,1,1
12.567308,56.62483,3,Ponderosa Pine,1,1
-9.610528,-38.020332,1,Spruce/Fir,1,1
68.276825,46.556896,2,Lodgepole Pine,0,0
-17.825556,-69.140915,1,Spruce/Fir,1,1
-44.267616,-28.009672,2,Lodgepole Pine,1,1
37.74231,-4.7998023,1,Spruce/Fir,0,0
-16.424349,-42.0769,1,Spruce/Fir,1,1
25.374483,22.401863,2,Lodgepole Pine,0,0
-38.052334,-9.758595,1,Spruce/Fir,1,1
-24.077038,33.113358,7,Krummholz,1,1
-31.616299,49.26032,2,Lodgepole Pine,1,1
-20.440985,-12.380352,2,Lodgepole Pine,1,0
50.306763,16.18651,1,Spruce/Fir,0,0
-44.16605,-44.503185,2,Lodgepole Pine,1,1
21.413633,25.191332,2,Lodgepole Pine,0,0
29.617714,-50.329132,1,Spruce/Fir,0,0
-38.18423,20.680977,1,Spruce/Fir,1,1
35.037785,47.59348,2,Lodgepole Pine,0,0
-42.083744,-15.073352,1,Spruce/Fir,1,1
25.918102,59.33422,2,Lodgepole Pine,0,0
-51.633347,6.740179,1,Spruce/Fir,1,1
-20.43336,-1.9063479,2,Lodgepole Pine,1,1
-8.471217,-40.339855,2,Lodgepole Pine,1,1
-25.398851,-4.2676153,1,Spruce/Fir,1,1
-14.548091,34.142853,1,Spruce/Fir,1,1
0.97061884,46.511402,2,Lodgepole Pine,1,1
29.745804,-27.1543,2,Lodgepole Pine,0,0
39.209194,-29.189852,2,Lodgepole Pine,0,0
-50.672787,-21.715387,2,Lodgepole Pine,1,1
9.07272,-1.344832,2,Lodgepole Pine,0,1
-27.184393,78.45835,3,Ponderosa Pine,1,1
45.89375,37.351906,1,Spruce/Fir,0,0
3.043629,32.120647,2,Lodgepole Pine,1,0
-36.233753,-20.402294,1,Spruce/Fir,1,1
-27.946085,53.96566,6,Douglas-fir,1,1
-2.7561934,-56.52511,1,Spruce/Fir,1,1
10.936302,30.67487,1,Spruce/Fir,1,0
-11.5864525,57.26891,2,Lodgepole Pine,1,1
56.64965,22.305756,2,Lodgepole Pine,0,0
13.100865,50.13379,2,Lodgepole Pine,0,0
-19.29008,53.473747,2,Lodgepole Pine,1,1
32.050335,12.490252,1,Spruce/Fir,0,0
-1.7003738,1.7886631,1,Spruce/Fir,1,1
-39.41267,15.475166,2,Lodgepole Pine,1,0
29.954277,35.541046,2,Lodgepole Pine,0,0
20.980715,56.904526,3,Ponderosa Pine,0,0
-53.10973,-24.474838,2,Lodgepole Pine,1,1
30.471375,53.350323,2,Lodgepole Pine,0,0
-37.663147,35.334633,1,Spruce/Fir,1,1
-24.307384,-24.573513,2,Lodgepole Pine,1,1
3.1002834,25.813885,2,Lodgepole Pine,1,0
-14.307552,-54.643764,1,Spruce/Fir,1,1
23.700283,14.922537,2,Lodgepole Pine,1,0
54.934776,23.446507,2,Lodgepole Pine,0,0
-47.99193,-47.85795,2,Lodgepole Pine,1,1
-21.688087,78.01347,6,Douglas-fir,1,1
0.2340636,47.389984,2,Lodgepole Pine,1,1
-42.778927,44.796944,2,Lodgepole Pine,1,1
-35.77026,12.985136,1,Spruce/Fir,1,0
35.170708,48.544487,2,Lodgepole Pine,0,0
-33.283092,31.343182,1,Spruce/Fir,1,1
-57.034634,-24.978872,2,Lodgepole Pine,1,1
-33.395603,-18.175743,1,Spruce/Fir,1,1
17.667831,55.66075,2,Lodgepole Pine,0,0
-11.110177,-57.277863,1,Spruce/Fir,1,1
-18.141335,-34.61985,2,Lodgepole Pine,1,1
65.06817,48.201973,6,Douglas-fir,0,0
7.2738495,16.926727,7,Krummholz,1,0
-34.198345,-17.043238,7,Krummholz,1,1
-27.120955,36.93003,1,Spruce/Fir,1,1
29.574162,-0.8303819,1,Spruce/Fir,0,0
-30.99374,21.136137,2,Lodgepole Pine,1,1
40.227234,37.639828,2,Lodgepole Pine,0,0
-18.837858,-36.70487,2,Lodgepole Pine,1,1
47.34499,39.705906,2,Lodgepole Pine,0,0
-9.012178,-78.229515,2,Lodgepole Pine,1,1
-2.7919104,-24.509527,1,Spruce/Fir,1,1
-32.410965,30.919716,1,Spruce/Fir,1,1
10.903027,16.025925,1,Spruce/Fir,0,0
13.208933,-59.276104,2,Lodgepole Pine,0,1
-19.120363,-20.607904,2,Lodgepole Pine,1,1
18.554945,-55.626137,2,Lodgepole Pine,1,0
-33.838943,-26.50926,2,Lodgepole Pine,1,1
-21.16325,5.6849723,2,Lodgepole Pine,1,1
-31.459963,-75.147934,5,Aspen,1,1
38.664433,48.488045,1,Spruce/Fir,0,0
11.783055,10.424669,7,Krummholz,0,0
41.745705,25.896212,2,Lodgepole Pine,0,0
55.67716,18.070318,2,Lodgepole Pine,0,0
-6.4658084,21.49402,7,Krummholz,1,1
-34.938816,-73.99012,2,Lodgepole Pine,1,1
58.92745,9.193362,1,Spruce/Fir,0,0
-42.52078,32.206768,2,Lodgepole Pine,1,1
-50.631176,-32.951836,2,Lodgepole Pine,1,1
60.45295,47.912197,6,Douglas-fir,0,0
27.283188,-64.42651,2,Lodgepole Pine,0,0
-0.033971824,-57.74098,2,Lodgepole Pine,1,0
35.43632,44.27315,1,Spruce/Fir,0,0
-6.68892,38.650936,2,Lodgepole Pine,1,1
-31.366602,-76.19898,2,Lodgepole Pine,1,1
56.21886,5.40382,1,Spruce/Fir,0,0
41.373005,3.7480705,1,Spruce/Fir,0,0
-47.499958,-38.91298,1,Spruce/Fir,1,0
-5.4493823,-58.840218,2,Lodgepole Pine,1,1
25.342617,-60.032185,1,Spruce/Fir,0,0
-21.251108,-80.20831,2,Lodgepole Pine,1,1
50.594353,-0.23936135,1,Spruce/Fir,0,0
-22.762388,-18.047459,1,Spruce/Fir,1,1
59.44956,10.863801,2,Lodgepole Pine,0,0
-27.977966,4.265854,1,Spruce/Fir,1,1
-24.235394,17.715921,1,Spruce/Fir,1,1
-6.406472,-44.421326,2,Lodgepole Pine,1,1
14.74569,-63.99586,2,Lodgepole Pine,0,0
23.459324,-2.273715,2,Lodgepole Pine,1,0
-31.433195,51.047794,6,Douglas-fir,1,1
68.72415,42.351223,3,Ponderosa Pine,0,0
40.129787,-39.828033,1,Spruce/Fir,0,0
-23.78782,29.719797,1,Spruce/Fir,1,1
6.644202,-2.733555,1,Spruce/Fir,0,1
51.24772,36.279236,6,Douglas-fir,0,0
29.780872,-1.8637319,2,Lodgepole Pine,0,0
-49.871815,-11.775321,2,Lodgepole Pine,1,1
-23.844984,5.354857,1,Spruce/Fir,1,1
2.6050737,-44.019962,2,Lodgepole Pine,1,1
-19.69452,-68.88788,1,Spruce/Fir,1,1
-45.017963,39.75956,5,Aspen,1,1
20.972193,57.043377,3,Ponderosa Pine,0,0
30.474415,-2.4270635,2,Lodgepole Pine,0,0
31.37699,-46.288517,2,Lodgepole Pine,0,0
-43.303085,-12.985547,2,Lodgepole Pine,1,1
48.565086,-38.908257,2,Lodgepole Pine,0,0
47.55725,37.32485,2,Lodgepole Pine,0,0
-10.22663,-14.731285,1,Spruce/Fir,1,1
-3.2316265,28.635416,1,Spruce/Fir,1,1
-46.971016,32.79821,1,Spruce/Fir,1,1
-29.367956,39.89063,2,Lodgepole Pine,1,1
-28.432594,44.20974,2,Lodgepole Pine,1,1
28.517143,-28.481756,2,Lodgepole Pine,0,0
1.2875645,32.279713,2,Lodgepole Pine,1,1
56.07315,26.288118,6,Douglas-fir,0,0
50.391014,-1.7754941,2,Lodgepole Pine,0,0
29.767254,-49.656235,1,Spruce/Fir,0,0
-17.066568,-81.70594,2,Lodgepole Pine,1,1
-28.335361,73.97206,3,Ponderosa Pine,1,1
-55.12131,27.676542,1,Spruce/Fir,1,1
-28.05798,57.42997,2,Lodgepole Pine,1,1
-2.1276307,29.952082,1,Spruce/Fir,1,1
-46.765408,27.144054,1,Spruce/Fir,1,1
-15.044526,-83.64666,1,Spruce/Fir,1,1
16.675474,7.1504493,2,Lodgepole Pine,0,0
-34.599518,57.46585,3,Ponderosa Pine,1,1
-24.824026,37.977283,1,Spruce/Fir,1,1
-19.064388,46.757164,3,Ponderosa Pine,1,1
-9.215493,-45.50333,2,Lodgepole Pine,1,1
7.540229,30.886433,1,Spruce/Fir,1,0
-52.137077,38.407974,2,Lodgepole Pine,1,1
22.635927,26.444765,1,Spruce/Fir,0,0
-35.19418,-33.248596,2,Lodgepole Pine,1,1
-49.403908,30.99116,2,Lodgepole Pine,1,1
21.04374,-40.18124,2,Lodgepole Pine,0,0
-32.668205,28.128735,1,Spruce/Fir,1,1
55.932926,-28.021286,1,Spruce/Fir,0,0
-43.343822,-33.26558,2,Lodgepole Pine,1,1
-28.814213,44.008507,2,Lodgepole Pine,1,1
-37.311363,12.687632,1,Spruce/Fir,1,0
68.26222,41.08975,6,Douglas-fir,0,0
-13.0413065,-73.6105,2,Lodgepole Pine,1,1
-34.474506,57.273903,2,Lodgepole Pine,1,1
27.071121,44.130325,2,Lodgepole Pine,0,0
10.459049,23.53231,1,Spruce/Fir,1,0
-42.92522,26.67083,2,Lodgepole Pine,1,1
31.3628,18.335056,2,Lodgepole Pine,0,0
-19.595633,74.81969,2,Lodgepole Pine,1,1
54.99887,11.154335,1,Spruce/Fir,0,0
31.28631,1.512146,1,Spruce/Fir,0,0
-46.63461,35.123783,2,Lodgepole Pine,1,1
30.846024,-27.688856,2,Lodgepole Pine,0,0
33.84002,-37.232353,1,Spruce/Fir,0,0
69.19761,47.149685,3,Ponderosa Pine,0,0
-33.17304,53.20369,2,Lodgepole Pine,1,1
14.643676,23.049356,1,Spruce/Fir,0,0
-27.19748,36.929913,1,Spruce/Fir,1,1
-7.752464,-48.278988,1,Spruce/Fir,1,1
36.00644,-42.317024,2,Lodgepole Pine,0,0
67.404106,44.65899,2,Lodgepole Pine,0,0
-51.225945,-44.854275,2,Lodgepole Pine,1,1
-30.157959,53.740215,6,Douglas-fir,1,1
47.896297,36.35122,2,Lodgepole Pine,0,0
-0.86493593,-24.978006,2,Lodgepole Pine,1,1
-42.749584,-23.048092,2,Lodgepole Pine,1,1
48.546597,-36.13161,1,Spruce/Fir,0,0
-0.22546035,-27.999577,2,Lodgepole Pine,1,1
50.677902,21.393631,2,Lodgepole Pine,0,0
53.4344,-25.129585,1,Spruce/Fir,0,0
44.49291,-32.827198,2,Lodgepole Pine,0,0
-46.031612,-30.00113,2,Lodgepole Pine,1,1
-42.52113,31.32432,7,Krummholz,1,1
-7.3626447,54.248486,2,Lodgepole Pine,1,1
29.655085,14.839072,2,Lodgepole Pine,0,0
8.967705,-33.301376,1,Spruce/Fir,1,1
-26.330393,30.638996,7,Krummholz,1,1
-24.085196,28.51365,2,Lodgepole Pine,1,1
-31.163465,-10.322317,1,Spruce/Fir,1,1
-33.0853,44.70323,6,Douglas-fir,1,1
-19.830118,35.06149,1,Spruce/Fir,1,1
-17.34137,-81.69681,2,Lodgepole Pine,1,1
-2.904307,19.387524,1,Spruce/Fir,1,1
28.941805,-37.34849,1,Spruce/Fir,0,0
-21.366337,-67.37132,2,Lodgepole Pine,1,1
-25.3031,72.83089,3,Ponderosa Pine,1,1
28.492836,13.8534155,2,Lodgepole Pine,0,0
-14.409987,-62.796158,1,Spruce/Fir,1,1
15.021658,-59.50126,2,Lodgepole Pine,0,0
30.960316,8.2513895,1,Spruce/Fir,0,0
31.864965,-30.658466,2,Lodgepole Pine,0,0
-14.504063,51.707993,5,Aspen,1,1
39.21094,-39.564083,1,Spruce/Fir,0,0
51.862026,21.589806,1,Spruce/Fir,0,0
-43.06103,-29.782574,2,Lodgepole Pine,1,1
-13.523271,50.15334,1,Spruce/Fir,1,1
41.655476,-6.6684523,2,Lodgepole Pine,0,0
28.549429,-64.66581,1,Spruce/Fir,0,0
-48.35845,-48.462833,2,Lodgepole Pine,1,1
49.528435,29.017962,2,Lodgepole Pine,0,0
-43.868763,-51.435234,2,Lodgepole Pine,1,1
-17.71577,-63.431225,2,Lodgepole Pine,1,1
-12.320749,54.546944,2,Lodgepole Pine,1,1
-4.4588003,41.982704,1,Spruce/Fir,1,1
-10.131135,-36.004173,1,Spruce/Fir,1,1
-16.39404,33.41567,1,Spruce/Fir,1,1
-53.598755,-6.6975474,5,Aspen,1,1
-33.423416,21.086948,2,Lodgepole Pine,1,1
-43.427727,2.1489327,2,Lodgepole Pine,1,0
67.33837,37.31808,3,Ponderosa Pine,0,0
-27.351425,29.624012,1,Spruce/Fir,1,1
-32.980713,66.789734,6,Douglas-fir,1,1
-44.98573,-30.313435,2,Lodgepole Pine,1,1
-43.829266,-26.115246,2,Lodgepole Pine,1,1
-6.173169,4.463456,1,Spruce/Fir,1,1
35.300354,44.130604,2,Lodgepole Pine,0,0
-3.837409,22.702938,1,Spruce/Fir,1,0
-0.7877265,-18.763453,7,Krummholz,1,1
25.239798,-35.722702,2,Lodgepole Pine,0,0
-19.476002,57.73961,6,Douglas-fir,1,1
-13.432198,-47.11188,2,Lodgepole Pine,1,1
-9.096326,8.434299,1,Spruce/Fir,1,1
-0.105397865,-23.265135,1,Spruce/Fir,1,1
45.74768,-33.75397,1,Spruce/Fir,0,0
-3.7776995,-42.461967,2,Lodgepole Pine,1,1
49.40598,-9.086055,1,Spruce/Fir,0,0
61.129818,51.259075,6,Douglas-fir,0,0
43.490623,23.004736,2,Lodgepole Pine,0,0
-30.348955,53.3504,2,Lodgepole Pine,1,1
-7.916976,-56.152145,1,Spruce/Fir,1,1
42.353317,-22.138285,2,Lodgepole Pine,0,0
40.56268,-0.8921646,1,Spruce/Fir,0,0
-10.682943,23.419525,2,Lodgepole Pine,1,1
30.690172,-41.539757,1,Spruce/Fir,0,0
-29.105558,71.827576,6,Douglas-fir,1,1
-9.752175,28.804806,2,Lodgepole Pine,1,1
-37.894012,34.006115,2,Lodgepole Pine,1,1
-4.2328954,42.323715,1,Spruce/Fir,1,1
8.296382,28.498062,2,Lodgepole Pine,1,1
40.686363,-39.944057,2,Lodgepole Pine,0,0
-52.229504,26.722137,2,Lodgepole Pine,1,1
48.471935,-10.368111,1,Spruce/Fir,0,0
61.649796,53.723904,3,Ponderosa Pine,0,0
-13.251923,24.680386,2,Lodgepole Pine,1,1
-48.236946,-43.79221,1,Spruce/Fir,1,1
23.030462,20.914349,1,Spruce/Fir,0,0
-15.591073,-67.41063,1,Spruce/Fir,1,1
-24.090782,29.208523,1,Spruce/Fir,1,1
-13.71696,-69.847755,2,Lodgepole Pine,1,1
3.1570618,-24.450716,2,Lodgepole Pine,1,1
72.57824,39.078426,3,Ponderosa Pine,0,0
-36.72934,49.76396,2,Lodgepole Pine,1,1
20.723413,-61.96511,2,Lodgepole Pine,0,0
45.484985,-2.1908803,2,Lodgepole Pine,0,0
36.539677,1.9914451,2,Lodgepole Pine,0,0
48.331207,-34.569443,2,Lodgepole Pine,0,0
50.865837,-25.313429,1,Spruce/Fir,0,0
31.060059,-46.754185,2,Lodgepole Pine,0,0
37.662796,-37.37054,2,Lodgepole Pine,0,0
53.129272,-28.722134,1,Spruce/Fir,0,0
61.293343,46.342724,4,Cottonwood/Willow,0,0
20.200628,26.284178,2,Lodgepole Pine,0,1
-59.16971,-22.430813,2,Lodgepole Pine,1,1
65.28003,43.376263,6,Douglas-fir,0,0
-26.161236,-31.502314,2,Lodgepole Pine,1,0
-42.498604,-23.584711,2,Lodgepole Pine,1,1
66.029106,41.67307,6,Douglas-fir,0,0
-33.46738,30.998297,1,Spruce/Fir,1,1
-42.946297,-32.553253,2,Lodgepole Pine,1,1
-35.224247,23.880838,7,Krummholz,1,0
-37.656742,-26.488617,2,Lodgepole Pine,1,1
-24.359243,33.32958,1,Spruce/Fir,1,1
45.122738,35.478394,2,Lodgepole Pine,0,0
26.28725,-64.09146,2,Lodgepole Pine,0,0
-7.5580993,28.067217,2,Lodgepole Pine,1,1
-3.7346797,40.428253,1,Spruce/Fir,1,1
68.63128,45.309097,3,Ponderosa Pine,0,0
39.050987,-40.980923,2,Lodgepole Pine,0,0
30.245195,16.435984,1,Spruce/Fir,0,0
32.811497,17.033186,1,Spruce/Fir,0,0
15.926586,40.072548,2,Lodgepole Pine,0,0
10.042326,-29.129229,1,Spruce/Fir,1,1
-5.759142,-24.992422,1,Spruce/Fir,1,1
1.3037567,5.4952216,2,Lodgepole Pine,1,1
10.870756,57.491783,3,Ponderosa Pine,1,1
-35.947193,-38.652786,2,Lodgepole Pine,1,1
-36.933487,-33.49062,2,Lodgepole Pine,1,1
44.733368,-39.8412,1,Spruce/Fir,0,0
-31.196846,21.192116,1,Spruce/Fir,1,1
-20.051947,-15.466182,1,Spruce/Fir,1,1
-37.402195,-22.00429,2,Lodgepole Pine,1,1
20.6629,-22.56942,1,Spruce/Fir,0,0
-16.242662,75.79973,3,Ponderosa Pine,1,1
-2.596138,-56.641594,2,Lodgepole Pine,1,1
-6.7791896,56.045815,2,Lodgepole Pine,1,1
25.511549,33.356453,2,Lodgepole Pine,0,0
45.966152,39.00216,1,Spruce/Fir,0,0
25.442087,25.626177,2,Lodgepole Pine,0,0
67.78111,41.77182,3,Ponderosa Pine,0,0
-48.332638,-2.5053592,1,Spruce/Fir,1,1
-49.66512,-54.48273,2,Lodgepole Pine,1,1
8.0260315,-47.592735,2,Lodgepole Pine,1,1
-13.05533,54.740486,2,Lodgepole Pine,1,1
59.418518,10.660386,2,Lodgepole Pine,0,0
40.701397,-1.3044001,1,Spruce/Fir,0,0
55.50477,20.257652,1,Spruce/Fir,0,0
-30.605505,-10.745675,1,Spruce/Fir,1,1
17.550106,30.731293,1,Spruce/Fir,0,0
-33.043255,-22.344751,1,Spruce/Fir,1,0
-10.473445,59.3242,1,Spruce/Fir,1,1
-19.806784,-26.019903,7,Krummholz,1,1
17.706202,-47.517532,2,Lodgepole Pine,0,0
-21.049477,-8.06459,2,Lodgepole Pine,1,1
-48.06606,45.892513,2,Lodgepole Pine,1,1
-12.152505,21.117865,7,Krummholz,1,1
56.090614,19.555992,2,Lodgepole Pine,0,0
4.066067,54.123013,2,Lodgepole Pine,1,1
-13.599312,-78.407616,2,Lodgepole Pine,1,1
18.801561,36.376312,2,Lodgepole Pine,0,0
-7.939949,-63.78648,2,Lodgepole Pine,1,1
-19.114634,-28.44169,2,Lodgepole Pine,1,1
-11.082889,-14.020693,2,Lodgepole Pine,1,1
-23.359016,-14.252899,1,Spruce/Fir,1,1
25.690287,-33.053005,2,Lodgepole Pine,0,0
9.898743,13.895872,2,Lodgepole Pine,0,0
59.628635,47.740356,4,Cottonwood/Willow,0,0
-36.182716,65.891945,3,Ponderosa Pine,1,1
-5.214514,-13.354916,1,Spruce/Fir,1,1
-33.772076,-19.91534,1,Spruce/Fir,1,1
-10.737746,-18.341202,2,Lodgepole Pine,1,1
-54.146923,-21.376486,2,Lodgepole Pine,1,1
-17.83079,-34.15998,1,Spruce/Fir,1,1
-5.525571,24.169937,2,Lodgepole Pine,1,1
-54.35223,-8.868329,1,Spruce/Fir,1,1
-21.934744,22.835688,2,Lodgepole Pine,1,1
19.46659,38.22464,7,Krummholz,0,0
22.969076,-47.193985,2,Lodgepole Pine,0,0
-47.653618,44.802032,2,Lodgepole Pine,1,1
-14.520525,40.044228,2,Lodgepole Pine,1,1
-20.507364,33.194633,1,Spruce/Fir,1,1
40.47605,-24.496975,2,Lodgepole Pine,0,0
-22.240795,-15.910629,1,Spruce/Fir,1,1
-13.796374,-74.89722,2,Lodgepole Pine,1,0
46.642673,-6.923457,2,Lodgepole Pine,0,0
-8.703986,39.77333,2,Lodgepole Pine,1,1
56.653748,-20.666348,1,Spruce/Fir,0,0
-25.48466,-34.62322,2,Lodgepole Pine,1,1
45.371902,43.12693,7,Krummholz,0,0
-2.4378338,-30.118172,1,Spruce/Fir,1,1
71.19702,36.217422,6,Douglas-fir,0,0
-55.205395,-14.958761,2,Lodgepole Pine,1,1
-10.481018,-81.19486,2,Lodgepole Pine,1,1
47.334087,38.78611,2,Lodgepole Pine,0,0
50.38253,-35.369762,2,Lodgepole Pine,0,0
-31.91211,43.511967,1,Spruce/Fir,1,1
-18.754972,30.89744,1,Spruce/Fir,1,1
62.094856,14.721291,1,Spruce/Fir,0,0
4.8390074,-53.49491,2,Lodgepole Pine,1,1
15.041151,-62.42146,2,Lodgepole Pine,0,0
17.935513,-46.017036,2,Lodgepole Pine,0,0
-36.78051,-34.41378,1,Spruce/Fir,1,1
-19.535315,-51.46809,1,Spruce/Fir,1,1
54.649815,16.589682,1,Spruce/Fir,0,0
-41.30327,26.963129,1,Spruce/Fir,1,1
-32.591244,15.969934,2,Lodgepole Pine,1,1
67.106026,36.42839,3,Ponderosa Pine,0,0
-10.592658,13.756705,7,Krummholz,1,1
-7.981029,57.182446,2,Lodgepole Pine,1,1
-14.547663,22.919573,1,Spruce/Fir,1,1
-34.009174,-31.207981,1,Spruce/Fir,1,1
42.73337,-21.205925,1,Spruce/Fir,0,0
-20.327116,-76.16418,2,Lodgepole Pine,1,1
-2.4183176,-40.177513,1,Spruce/Fir,1,1
-3.841805,22.658812,2,Lodgepole Pine,1,0
-43.358036,42.13797,2,Lodgepole Pine,1,1
30.630968,-11.431154,1,Spruce/Fir,0,0
24.445925,3.0923429,1,Spruce/Fir,0,0
40.506176,13.168633,1,Spruce/Fir,0,0
34.610577,-49.79415,2,Lodgepole Pine,0,0
-19.17421,-16.826056,1,Spruce/Fir,1,1
4.443715,-44.325466,2,Lodgepole Pine,1,1
-3.4720535,-16.70281,2,Lodgepole Pine,1,1
-20.25991,74.71145,2,Lodgepole Pine,1,1
-4.637828,8.597215,1,Spruce/Fir,1,1
-2.9402065,-62.01418,2,Lodgepole Pine,1,1
-49.31985,30.830338,2,Lodgepole Pine,1,1
-23.649017,-47.87224,2,Lodgepole Pine,1,1
47.549664,-27.890356,2,Lodgepole Pine,0,0
-31.522503,48.952805,2,Lodgepole Pine,1,1
40.107285,26.562286,2,Lodgepole Pine,0,0
-59.56594,-19.16675,2,Lodgepole Pine,1,1
-5.87894,-10.014166,1,Spruce/Fir,1,1
-15.604628,72.342445,3,Ponderosa Pine,1,1
-40.91719,0.4119778,1,Spruce/Fir,1,1
13.945595,-66.03935,2,Lodgepole Pine,0,0
18.406185,-65.87309,2,Lodgepole Pine,0,0
-14.417024,33.508327,1,Spruce/Fir,1,1
-12.450221,-81.82921,2,Lodgepole Pine,1,1
-8.737004,-20.217958,2,Lodgepole Pine,1,1
35.342613,-23.059978,2,Lodgepole Pine,0,0
13.382246,28.18017,7,Krummholz,0,0
24.186272,14.821275,1,Spruce/Fir,0,0
41.175373,-35.068985,2,Lodgepole Pine,0,0
-19.484352,77.369225,3,Ponderosa Pine,1,1
-53.223183,-40.458427,2,Lodgepole Pine,1,1
19.040686,22.399912,2,Lodgepole Pine,0,0
47.48088,28.675406,2,Lodgepole Pine,0,0
4.926587,54.46735,2,Lodgepole Pine,1,1
-33.06788,65.23459,3,Ponderosa Pine,1,1
-15.724677,-81.1735,2,Lodgepole Pine,1,1
-2.9182935,6.5011144,1,Spruce/Fir,1,1
29.483353,-27.066431,1,Spruce/Fir,0,0
40.35838,-24.358065,2,Lodgepole Pine,0,0
36.79546,-31.15692,1,Spruce/Fir,0,0
68.23191,46.59981,3,Ponderosa Pine,0,0
-38.64951,50.066597,2,Lodgepole Pine,1,1
-5.662475,-49.83856,2,Lodgepole Pine,1,1
-16.888186,31.063068,2,Lodgepole Pine,1,1
68.08344,47.82418,2,Lodgepole Pine,0,0
9.273695,-33.77621,1,Spruce/Fir,1,1
70.44841,34.755077,3,Ponderosa Pine,0,0
-15.718114,-61.038666,2,Lodgepole Pine,1,1
8.288999,26.393085,2,Lodgepole Pine,1,0
9.112501,8.828028,7,Krummholz,0,0
-7.110348,-10.119843,1,Spruce/Fir,1,1
2.6436553,-40.065212,1,Spruce/Fir,1,0
10.934616,-30.495665,1,Spruce/Fir,1,1
26.810648,23.34151,1,Spruce/Fir,0,0
29.267437,-48.042156,2,Lodgepole Pine,0,0
5.788537,-0.27043733,1,Spruce/Fir,1,1
38.850418,-29.415,2,Lodgepole Pine,0,0
-40.23379,-22.50857,2,Lodgepole Pine,1,1
-42.247375,-21.184103,1,Spruce/Fir,1,1
-9.956336,-14.254385,1,Spruce/Fir,1,1
31.963736,-19.570528,2,Lodgepole Pine,0,0
18.970467,-62.572006,2,Lodgepole Pine,0,0
12.734402,-59.095596,2,Lodgepole Pine,1,1
43.36561,-34.35078,2,Lodgepole Pine,0,0
37.134754,-31.94106,1,Spruce/Fir,0,0
-17.70403,52.18739,2,Lodgepole Pine,1,1
-38.5081,-11.952251,7,Krummholz,1,0
28.953629,12.09805,2,Lodgepole Pine,0,0
-6.7199855,-16.666851,2,Lodgepole Pine,1,1
54.253624,18.548443,1,Spruce/Fir,0,0
-3.9245543,-13.520795,1,Spruce/Fir,1,1
15.213955,12.916892,2,Lodgepole Pine,0,0
-33.538,-4.4903727,1,Spruce/Fir,1,1
63.262226,52.668964,3,Ponderosa Pine,0,0
-30.121508,72.890335,4,Cottonwood/Willow,1,1
57.12233,-28.855467,1,Spruce/Fir,0,0
-4.2095513,-43.11899,2,Lodgepole Pine,1,1
28.793158,-4.7739477,2,Lodgepole Pine,0,0
0.59336925,-6.373581,1,Spruce/Fir,1,1
47.707073,17.083712,2,Lodgepole Pine,0,0
9.829612,-29.628197,1,Spruce/Fir,1,1
-3.9351542,45.34062,5,Aspen,1,1
70.78899,36.915672,3,Ponderosa Pine,0,0
17.972881,9.105371,1,Spruce/Fir,0,0
35.209183,-41.94417,1,Spruce/Fir,0,0
-22.816793,-14.601946,1,Spruce/Fir,1,1
-1.3676417,53.809097,6,Douglas-fir,1,1
15.957186,50.80607,3,Ponderosa Pine,1,1
-29.368874,26.06579,1,Spruce/Fir,1,1
35.88659,-18.866255,2,Lodgepole Pine,0,0
-39.490875,5.1163197,1,Spruce/Fir,1,0
31.521814,43.247597,2,Lodgepole Pine,0,0
24.990828,52.759964,3,Ponderosa Pine,0,0
42.18123,9.060464,1,Spruce/Fir,0,0
-59.18785,-24.32955,2,Lodgepole Pine,1,1
-19.489172,-77.19063,2,Lodgepole Pine,1,1
-14.008323,-80.63002,2,Lodgepole Pine,1,1
21.080233,-39.575375,2,Lodgepole Pine,0,0
-24.478218,76.05306,3,Ponderosa Pine,1,1
-20.454119,-54.50581,1,Spruce/Fir,1,1
2.4333801,-42.84193,2,Lodgepole Pine,1,1
-7.5928645,-81.05653,2,Lodgepole Pine,1,0
-5.409247,-43.521095,2,Lodgepole Pine,1,1
51.649284,-38.360977,2,Lodgepole Pine,0,0
-49.33697,-47.241405,1,Spruce/Fir,1,1
15.299782,8.8707905,1,Spruce/Fir,0,0
-31.167597,-10.290765,2,Lodgepole Pine,1,1
-50.312046,-51.36576,2,Lodgepole Pine,1,1
-11.401453,22.464437,7,Krummholz,1,1
32.637512,-4.0345926,1,Spruce/Fir,0,0
-30.342966,-25.526999,2,Lodgepole Pine,1,1
45.033432,-43.545742,1,Spruce/Fir,0,0
50.985992,-25.340115,1,Spruce/Fir,0,0
2.8917742,44.2596,2,Lodgepole Pine,1,1
10.839102,-54.485435,2,Lodgepole Pine,1,0
-37.636993,15.271534,2,Lodgepole Pine,1,0
-42.266823,-15.836601,1,Spruce/Fir,1,1
-36.481895,14.632048,2,Lodgepole Pine,1,0
-25.755615,-31.16763,2,Lodgepole Pine,1,0
5.9616733,31.035702,2,Lodgepole Pine,1,0
-12.109555,-56.429028,1,Spruce/Fir,1,1
-18.546774,30.292654,1,Spruce/Fir,1,1
-53.774357,-8.960287,2,Lodgepole Pine,1,1
14.264512,-13.968936,2,Lodgepole Pine,0,0
-26.718706,-41.40154,1,Spruce/Fir,1,1
46.16116,37.216423,1,Spruce/Fir,0,0
25.508656,57.436356,3,Ponderosa Pine,0,0
16.266348,-10.736219,1,Spruce/Fir,0,0
10.569973,19.469584,1,Spruce/Fir,0,0
-36.384544,59.352905,6,Douglas-fir,1,1
43.43083,-25.661474,2,Lodgepole Pine,0,0
27.867949,5.3330345,1,Spruce/Fir,0,0
16.740198,25.706772,1,Spruce/Fir,1,0
3.1042018,-24.457129,2,Lodgepole Pine,1,1
32.560955,-1.8520461,1,Spruce/Fir,0,0
68.012535,38.845272,3,Ponderosa Pine,0,0
-25.13753,69.81598,4,Cottonwood/Willow,1,1
53.55828,11.936398,1,Spruce/Fir,0,0
-38.031178,-22.52652,2,Lodgepole Pine,1,1
-56.659775,-11.660159,2,Lodgepole Pine,1,1
-9.267686,-12.152107,2,Lodgepole Pine,1,1
2.840067,57.467728,3,Ponderosa Pine,1,1
16.957233,36.04057,1,Spruce/Fir,0,0
-13.869632,-3.0099773,2,Lodgepole Pine,1,1
12.053668,-56.72923,2,Lodgepole Pine,1,1
-11.381119,1.4547561,1,Spruce/Fir,1,1
-8.7799425,57.318268,2,Lodgepole Pine,1,1
-41.506977,-52.250084,2,Lodgepole Pine,1,1
-54.87687,-21.475227,2,Lodgepole Pine,1,1
-50.62344,-51.095573,2,Lodgepole Pine,1,1
-13.850092,5.40429,2,Lodgepole Pine,1,1
-18.581059,-44.919632,2,Lodgepole Pine,1,1
18.229013,12.551654,1,Spruce/Fir,0,0
25.27959,-33.25018,2,Lodgepole Pine,0,0
-42.08925,9.576247,2,Lodgepole Pine,1,0
33.297073,23.42235,2,Lodgepole Pine,0,0
-27.9917,-11.230679,7,Krummholz,1,1
-36.427723,-26.919403,2,Lodgepole Pine,1,1
-34.164246,-72.690254,2,Lodgepole Pine,1,1
-18.73749,40.42674,2,Lodgepole Pine,1,1
50.252003,11.632443,1,Spruce/Fir,0,0
41.08655,-3.4097497,1,Spruce/Fir,0,0
51.17952,27.064528,6,Douglas-fir,0,0
-49.92425,20.154173,1,Spruce/Fir,1,1
-43.78492,-46.07446,2,Lodgepole Pine,1,1
12.684439,10.935339,1,Spruce/Fir,0,0
-47.977715,-44.772007,2,Lodgepole Pine,1,1
12.678962,28.932894,1,Spruce/Fir,1,0
22.298044,-49.813164,2,Lodgepole Pine,0,0
-18.474003,77.42077,4,Cottonwood/Willow,1,1
-7.7038217,-63.670242,2,Lodgepole Pine,1,1
-35.26246,-17.74938,1,Spruce/Fir,1,1
-49.23614,-50.98026,2,Lodgepole Pine,1,1
-3.3248081,17.55954,2,Lodgepole Pine,1,1
-34.59834,65.90471,6,Douglas-fir,1,1
13.762651,39.381737,2,Lodgepole Pine,1,1
-59.491333,-25.049126,2,Lodgepole Pine,1,1
-3.869817,21.036356,2,Lodgepole Pine,1,1
-46.355526,23.304703,1,Spruce/Fir,1,1
-2.2940295,-34.979355,1,Spruce/Fir,1,1
32.706547,-25.27536,2,Lodgepole Pine,0,0
45.956055,38.574997,1,Spruce/Fir,0,0
1.3741269,-26.81858,1,Spruce/Fir,1,1
12.760976,-31.811152,1,Spruce/Fir,1,1
1.6681548,-6.265107,1,Spruce/Fir,0,1
28.885061,-37.435482,1,Spruce/Fir,0,0
-36.7274,34.754856,1,Spruce/Fir,1,1
-1.4115516,-35.193474,1,Spruce/Fir,1,1
-31.718065,-12.420653,1,Spruce/Fir,1,1
-33.848946,-3.7908046,1,Spruce/Fir,1,1
-0.19896926,-41.529873,1,Spruce/Fir,1,1
24.631779,46.946915,2,Lodgepole Pine,0,0
-18.07233,23.240461,2,Lodgepole Pine,1,1
25.412188,-39.814877,1,Spruce/Fir,0,0
-13.992965,-49.928623,1,Spruce/Fir,1,1
61.039272,52.380444,3,Ponderosa Pine,0,0
-49.25587,-37.689697,2,Lodgepole Pine,1,1
-11.977668,-39.329727,1,Spruce/Fir,1,1
25.4571,-48.878075,2,Lodgepole Pine,0,0
37.556458,-31.690048,1,Spruce/Fir,0,0
-33.938774,32.02567,1,Spruce/Fir,1,1
29.622732,40.148426,2,Lodgepole Pine,0,0
3.8801231,47.249428,2,Lodgepole Pine,1,1
-17.373053,-3.4247375,2,Lodgepole Pine,1,1
-6.5623846,-62.07927,1,Spruce/Fir,1,1
-9.522349,-78.094475,2,Lodgepole Pine,1,1
60.623455,18.526628,2,Lodgepole Pine,0,0
-18.66361,3.6982965,7,Krummholz,1,1
-35.101696,-32.463516,1,Spruce/Fir,1,1
28.394178,-31.5862,1,Spruce/Fir,0,0
8.619555,60.978107,3,Ponderosa Pine,1,0
41.422096,-35.096165,2,Lodgepole Pine,0,0
-17.559937,-45.24112,2,Lodgepole Pine,1,1
11.874414,-35.174305,1,Spruce/Fir,1,1
-46.70846,47.055775,2,Lodgepole Pine,1,1
-13.862039,-47.417923,2,Lodgepole Pine,1,1
-6.246799,31.682758,1,Spruce/Fir,1,1
-23.80286,28.500055,2,Lodgepole Pine,1,1
27.96727,-1.0535338,1,Spruce/Fir,0,0
30.07508,-48.6714,1,Spruce/Fir,0,0
71.99852,40.07564,3,Ponderosa Pine,0,0
-22.81756,-64.02505,2,Lodgepole Pine,1,1
-34.58666,67.880714,3,Ponderosa Pine,1,1
-42.885708,26.826532,1,Spruce/Fir,1,1
-4.0883965,-20.455883,1,Spruce/Fir,1,1
-49.060276,28.86185,2,Lodgepole Pine,1,1
45.72087,13.251312,2,Lodgepole Pine,0,0
49.74124,-6.469938,2,Lodgepole Pine,0,0
42.34626,-9.370283,1,Spruce/Fir,0,0
-25.143408,-24.237331,1,Spruce/Fir,1,1
-41.744648,47.11717,2,Lodgepole Pine,1,1
60.995083,53.295753,3,Ponderosa Pine,0,0
-35.392902,24.697548,7,Krummholz,1,1
-20.323784,-59.749104,2,Lodgepole Pine,1,1
-56.320145,-45.326923,2,Lodgepole Pine,1,1
-2.8161364,-35.167206,1,Spruce/Fir,1,1
-18.20847,-47.406944,2,Lodgepole Pine,1,1
24.605076,-32.84551,1,Spruce/Fir,0,0
0.5287562,-52.228977,1,Spruce/Fir,1,1
48.420387,-32.409924,1,Spruce/Fir,0,0
14.304878,23.48609,1,Spruce/Fir,0,0
-43.590282,-15.833419,1,Spruce/Fir,1,1
5.625954,-32.53448,1,Spruce/Fir,1,1
-59.99511,-23.503868,2,Lodgepole Pine,1,1
63.23684,29.963472,2,Lodgepole Pine,0,0
-52.41667,28.021988,1,Spruce/Fir,1,1
-37.636246,-18.194971,1,Spruce/Fir,1,1
-0.7287046,-38.977154,1,Spruce/Fir,1,1
0.10568512,29.770517,1,Spruce/Fir,1,1
-6.1564665,-39.20779,2,Lodgepole Pine,1,1
-22.292328,16.943325,7,Krummholz,1,1
12.867964,39.587147,2,Lodgepole Pine,1,1
69.008255,34.566254,6,Douglas-fir,0,0
-54.127434,-10.660296,1,Spruce/Fir,1,1
-14.6129675,39.51122,2,Lodgepole Pine,1,1
-32.44495,13.056095,2,Lodgepole Pine,1,0
-5.0337195,23.786629,2,Lodgepole Pine,1,1
-13.809665,-67.326614,1,Spruce/Fir,1,1
-4.7197313,20.762297,3,Ponderosa Pine,1,1
-21.380594,-53.34724,1,Spruce/Fir,1,1
0.8100438,-45.238384,1,Spruce/Fir,1,1
-47.0951,32.450005,1,Spruce/Fir,1,1
31.179829,43.47851,2,Lodgepole Pine,0,0
66.7573,30.337917,1,Spruce/Fir,0,0
1.8722706,29.43096,2,Lodgepole Pine,1,1
-17.8418,-69.04857,1,Spruce/Fir,1,1
-13.467552,-69.723755,1,Spruce/Fir,1,1
-17.657526,-12.223102,1,Spruce/Fir,1,1
-8.56504,25.669537,1,Spruce/Fir,1,1
35.146126,29.397406,2,Lodgepole Pine,0,0
2.6587389,51.19187,5,Aspen,0,0
-35.342457,68.129555,6,Douglas-fir,1,1
21.303478,-38.712486,1,Spruce/Fir,0,0
22.502419,-38.89402,1,Spruce/Fir,0,0
-41.01879,43.287888,2,Lodgepole Pine,1,1
-48.086475,-10.0590925,1,Spruce/Fir,1,1
5.9342737,57.948975,3,Ponderosa Pine,1,1
33.9757,39.261127,2,Lodgepole Pine,0,0
-14.139464,52.277905,3,Ponderosa Pine,1,1
1.6212708,34.72352,2,Lodgepole Pine,1,1
41.17335,-30.083637,1,Spruce/Fir,0,0
11.990875,17.904564,2,Lodgepole Pine,1,0
13.93073,22.802141,1,Spruce/Fir,0,0
32.941307,-20.755465,2,Lodgepole Pine,0,0
-26.09969,74.07178,3,Ponderosa Pine,1,1
60.80499,18.262598,2,Lodgepole Pine,0,0
-40.10383,-22.466032,2,Lodgepole Pine,1,1
-52.778057,-26.556578,2,Lodgepole Pine,1,1
4.414715,59.80202,3,Ponderosa Pine,0,0
47.689213,-27.886984,2,Lodgepole Pine,0,0
-11.294883,42.93462,2,Lodgepole Pine,1,1
1.2591689,59.15604,3,Ponderosa Pine,1,1
-29.029024,43.92384,2,Lodgepole Pine,1,1
24.17264,53.18852,3,Ponderosa Pine,0,0
-3.6977575,2.8218157,2,Lodgepole Pine,1,1
0.36678827,-55.581398,1,Spruce/Fir,1,1
13.657977,16.570097,2,Lodgepole Pine,0,0
-12.075421,57.998623,2,Lodgepole Pine,1,1
18.075426,-54.487267,2,Lodgepole Pine,1,0
-30.184307,73.63869,3,Ponderosa Pine,1,1
-19.330708,36.25648,1,Spruce/Fir,1,1
-36.576694,-4.4695654,1,Spruce/Fir,1,1
31.282,-22.661283,2,Lodgepole Pine,0,0
-43.059746,45.280678,2,Lodgepole Pine,1,1
47.666096,-30.799896,1,Spruce/Fir,0,0
-37.020576,66.167656,3,Ponderosa Pine,1,1
-10.17462,18.200499,2,Lodgepole Pine,1,1
-7.120648,8.58557,1,Spruce/Fir,1,1
39.36432,-34.309784,1,Spruce/Fir,0,0
-21.246181,5.695047,2,Lodgepole Pine,1,1
28.073366,-60.31968,1,Spruce/Fir,0,0
56.654713,-20.661732,1,Spruce/Fir,0,0
61.50539,16.970488,1,Spruce/Fir,0,0
-22.391804,-43.202847,2,Lodgepole Pine,1,1
13.44765,30.546501,1,Spruce/Fir,0,0
-24.261093,17.417477,1,Spruce/Fir,1,1
-20.468431,11.007838,7,Krummholz,1,1
42.732933,-27.258001,2,Lodgepole Pine,0,0
17.670788,15.837418,2,Lodgepole Pine,0,0
39.195637,-45.872242,1,Spruce/Fir,0,0
-34.033623,-3.7555623,1,Spruce/Fir,1,1
-34.610752,37.144665,2,Lodgepole Pine,1,1
-0.86339325,-50.479458,2,Lodgepole Pine,1,1
18.801065,-51.116653,1,Spruce/Fir,0,0
-14.413235,3.8157103,1,Spruce/Fir,1,1
-29.8504,-28.872828,1,Spruce/Fir,1,1
46.629833,-7.6579714,1,Spruce/Fir,0,0
-32.22069,33.97603,1,Spruce/Fir,1,1
-25.477726,42.814182,2,Lodgepole Pine,1,1
-47.766323,42.762436,2,Lodgepole Pine,1,1
36.42097,-42.66818,1,Spruce/Fir,0,0
8.654289,18.073957,1,Spruce/Fir,1,0
33.352432,-38.681866,2,Lodgepole Pine,0,0
-53.80277,27.945402,1,Spruce/Fir,1,1
19.471539,-61.555573,2,Lodgepole Pine,0,0
-18.499678,-64.51874,1,Spruce/Fir,1,1
55.17353,-9.237781,1,Spruce/Fir,0,0
-10.526973,54.623615,2,Lodgepole Pine,1,1
44.89461,-27.279665,2,Lodgepole Pine,0,0
-54.876957,-43.735027,2,Lodgepole Pine,1,1
-49.83124,-13.182869,2,Lodgepole Pine,1,1
34.827164,41.587784,2,Lodgepole Pine,0,0
22.574451,52.687046,5,Aspen,0,0
-42.57076,-23.82514,2,Lodgepole Pine,1,1
-18.590755,-55.80889,1,Spruce/Fir,1,1
-5.033317,-16.332539,1,Spruce/Fir,1,1
-47.595165,-37.848816,2,Lodgepole Pine,1,1
17.383053,-46.858562,2,Lodgepole Pine,0,0
-57.777035,-22.187672,5,Aspen,1,1
-24.872252,-65.83236,2,Lodgepole Pine,1,1
-43.194168,-48.879528,2,Lodgepole Pine,1,1
-23.572271,49.11616,2,Lodgepole Pine,1,1
-2.061662,-46.166622,1,Spruce/Fir,1,1
0.62373954,44.03045,2,Lodgepole Pine,1,0
-32.01266,68.410446,3,Ponderosa Pine,1,1
5.639175,33.30489,1,Spruce/Fir,1,1
45.749905,-2.0035505,7,Krummholz,0,0
-20.586735,-69.495,2,Lodgepole Pine,1,1
-2.6208954,53.318863,3,Ponderosa Pine,1,1
63.188103,46.20833,6,Douglas-fir,0,0
-35.037125,4.7134366,7,Krummholz,1,0
1.9287463,-46.9356,1,Spruce/Fir,1,1
32.70203,48.67443,2,Lodgepole Pine,0,0
6.449251,11.350127,2,Lodgepole Pine,1,0
-19.973522,-26.713226,1,Spruce/Fir,1,1
23.26965,18.244541,2,Lodgepole Pine,0,0
-12.09176,28.962341,2,Lodgepole Pine,1,1
-17.747438,38.781498,1,Spruce/Fir,1,1
42.996574,-28.929934,2,Lodgepole Pine,0,0
30.9909,-1.2021142,1,Spruce/Fir,0,0
-29.017433,36.056652,1,Spruce/Fir,1,1
-27.758286,-75.03354,2,Lodgepole Pine,1,1
-2.172555,54.36098,6,Douglas-fir,1,1
-33.515083,-18.214272,2,Lodgepole Pine,1,1
-23.214586,-46.523457,1,Spruce/Fir,1,1
44.730637,2.5282001,1,Spruce/Fir,0,0
32.3662,19.429825,2,Lodgepole Pine,0,0
30.678549,47.269257,2,Lodgepole Pine,0,0
-27.962137,76.55047,3,Ponderosa Pine,1,1
11.980674,-57.41629,2,Lodgepole Pine,1,1
-41.14047,-33.236313,2,Lodgepole Pine,1,1
16.421556,3.753513,2,Lodgepole Pine,0,0
14.326529,24.517225,2,Lodgepole Pine,0,0
9.780435,15.164383,2,Lodgepole Pine,0,0
54.80722,16.338778,1,Spruce/Fir,0,0
42.861263,29.93233,2,Lodgepole Pine,0,0
-57.998676,-23.371387,2,Lodgepole Pine,1,1
61.000786,8.621828,1,Spruce/Fir,0,0
-6.7828083,-12.78005,1,Spruce/Fir,1,1
2.4974263,-29.971119,1,Spruce/Fir,1,1
67.32359,38.18806,6,Douglas-fir,0,0
-14.688231,38.032642,2,Lodgepole Pine,1,1
3.3442602,30.352083,2,Lodgepole Pine,1,0
-31.980827,35.480278,2,Lodgepole Pine,1,1
-20.967974,26.877495,1,Spruce/Fir,1,1
-5.136765,-27.037798,2,Lodgepole Pine,1,1
-7.3979797,-80.91397,2,Lodgepole Pine,1,0
40.932358,-30.476025,2,Lodgepole Pine,0,0
60.117977,24.954885,1,Spruce/Fir,0,0
50.43099,21.268625,2,Lodgepole Pine,0,0
18.250982,10.079812,2,Lodgepole Pine,0,0
38.77583,-44.876488,1,Spruce/Fir,0,0
28.126919,4.6198025,1,Spruce/Fir,0,0
36.654472,9.958981,1,Spruce/Fir,0,0
2.4184518,-32.120205,1,Spruce/Fir,1,1
14.902685,4.107029,2,Lodgepole Pine,0,0
-24.265566,77.28684,4,Cottonwood/Willow,1,1
22.784517,-38.897804,1,Spruce/Fir,0,0
-41.623837,-16.439613,2,Lodgepole Pine,1,1
17.519678,-46.19735,2,Lodgepole Pine,1,0
40.69558,37.623524,2,Lodgepole Pine,0,0
69.24974,45.03001,3,Ponderosa Pine,0,0
-47.031338,-23.35749,2,Lodgepole Pine,1,1
-12.4073305,24.741999,2,Lodgepole Pine,1,1
-30.58768,71.78244,3,Ponderosa Pine,1,1
46.716484,6.5337505,1,Spruce/Fir,0,0
34.098175,-0.035896406,1,Spruce/Fir,0,0
0.9703377,5.6011605,2,Lodgepole Pine,1,1
60.52631,46.101936,6,Douglas-fir,0,0
0.4392966,-53.299152,1,Spruce/Fir,1,1
-5.435926,48.03264,2,Lodgepole Pine,1,1
-32.10975,30.90229,2,Lodgepole Pine,1,1
-35.594345,27.638885,1,Spruce/Fir,1,1
-35.849995,16.484356,1,Spruce/Fir,1,0
-11.336786,32.35407,1,Spruce/Fir,1,1
-45.017994,-48.295982,2,Lodgepole Pine,1,1
24.009819,-60.609608,2,Lodgepole Pine,0,0
24.249525,41.143734,2,Lodgepole Pine,0,0
-26.969597,23.869873,1,Spruce/Fir,1,1
67.60074,46.902626,2,Lodgepole Pine,0,0
-48.77019,-24.661852,2,Lodgepole Pine,1,1
59.752617,47.17604,4,Cottonwood/Willow,0,0
30.112206,-32.646805,1,Spruce/Fir,0,0
-17.792612,78.90029,3,Ponderosa Pine,1,1
-49.839767,-56.12908,2,Lodgepole Pine,1,1
-35.873108,40.36826,2,Lodgepole Pine,1,1
-15.924069,4.5679426,1,Spruce/Fir,1,1
-21.901154,26.858536,1,Spruce/Fir,1,1
-42.01637,-12.455735,2,Lodgepole Pine,1,1
-43.668835,28.468918,1,Spruce/Fir,1,1
-14.959767,-84.21086,1,Spruce/Fir,1,1
-20.128824,-46.739475,1,Spruce/Fir,1,1
-18.593544,-58.227013,2,Lodgepole Pine,1,1
19.48399,-40.820107,1,Spruce/Fir,0,0
54.274593,29.06844,6,Douglas-fir,0,0
-38.734764,4.730144,1,Spruce/Fir,1,0
21.783869,-39.96425,1,Spruce/Fir,0,0
2.8315542,-43.34625,2,Lodgepole Pine,1,1
-4.3829246,-77.56187,2,Lodgepole Pine,1,1
1.413029,-38.516453,1,Spruce/Fir,1,1
57.89101,3.5996284,1,Spruce/Fir,0,0
-6.977702,-60.189297,1,Spruce/Fir,1,1
15.044224,12.603572,2,Lodgepole Pine,0,0
24.484783,-30.424694,1,Spruce/Fir,0,0
23.647814,20.283697,2,Lodgepole Pine,0,0
-45.524277,-13.818275,1,Spruce/Fir,1,1
52.939137,10.947762,1,Spruce/Fir,0,0
-18.350887,-45.65484,2,Lodgepole Pine,1,1
17.877731,-48.114895,1,Spruce/Fir,0,0
-1.1435443,-56.00353,1,Spruce/Fir,1,1
-13.524289,-84.730446,2,Lodgepole Pine,1,1
19.063438,57.72805,2,Lodgepole Pine,1,0
69.88046,42.238667,3,Ponderosa Pine,0,0
-39.160374,22.048063,2,Lodgepole Pine,1,1
29.684631,8.634018,2,Lodgepole Pine,0,0
27.048296,25.020475,2,Lodgepole Pine,0,0
-43.519226,-49.432323,2,Lodgepole Pine,1,1
24.330276,-46.838272,2,Lodgepole Pine,0,0
35.677593,-50.59469,2,Lodgepole Pine,0,0
-32.84469,-9.813099,7,Krummholz,1,1
-27.081028,70.73225,3,Ponderosa Pine,1,1
-30.876768,-32.105755,1,Spruce/Fir,1,1
-46.224777,-51.20348,2,Lodgepole Pine,1,1
-8.645763,-11.02082,1,Spruce/Fir,1,1
-20.821707,77.04212,6,Douglas-fir,1,1
28.043434,49.65581,2,Lodgepole Pine,0,0
4.562864,-48.69619,2,Lodgepole Pine,1,1
6.2901297,26.915478,1,Spruce/Fir,1,0
38.33955,6.9607387,1,Spruce/Fir,0,0
-34.620274,55.120007,6,Douglas-fir,1,1
-23.401144,13.260756,1,Spruce/Fir,1,1
-48.88019,-48.318176,2,Lodgepole Pine,1,1
-47.7305,27.489616,1,Spruce/Fir,1,1
-19.203884,29.171844,1,Spruce/Fir,1,1
-16.920403,-55.84048,1,Spruce/Fir,1,1
11.579149,-35.15899,1,Spruce/Fir,1,1
-39.620327,-16.28433,1,Spruce/Fir,1,1
0.39736113,51.686043,6,Douglas-fir,0,0
21.862383,-36.879215,2,Lodgepole Pine,0,0
5.061119,-4.7732363,2,Lodgepole Pine,0,1
-31.87076,19.936186,1,Spruce/Fir,1,1
-4.7854633,-77.561195,2,Lodgepole Pine,1,1
29.397383,18.18662,2,Lodgepole Pine,0,0
-0.68822765,-50.5505,2,Lodgepole Pine,1,1
36.276077,-28.614103,2,Lodgepole Pine,0,0
44.56269,-39.972805,1,Spruce/Fir,0,0
-2.3288693,-54.733578,2,Lodgepole Pine,1,1
-5.615396,30.80959,2,Lodgepole Pine,1,1
-0.43755227,-36.106487,1,Spruce/Fir,1,1
5.9295077,-32.800274,1,Spruce/Fir,1,1
1.2332273,44.507244,2,Lodgepole Pine,1,0
-1.3873421,-44.09555,1,Spruce/Fir,1,1
-7.8608027,-39.109276,2,Lodgepole Pine,1,1
-53.23848,-45.36793,2,Lodgepole Pine,1,1
-25.294333,43.0291,2,Lodgepole Pine,1,1
60.437492,45.107807,2,Lodgepole Pine,0,0
1.6003715,-46.329407,2,Lodgepole Pine,1,1
-24.826187,-69.677795,2,Lodgepole Pine,1,1
-48.292656,-4.4010496,2,Lodgepole Pine,1,1
12.261047,38.698376,1,Spruce/Fir,1,1
24.95115,50.079617,2,Lodgepole Pine,0,0
64.64022,38.200966,3,Ponderosa Pine,0,0
15.185795,-61.06466,2,Lodgepole Pine,0,0
-50.973667,-44.41289,2,Lodgepole Pine,1,1
-23.02623,-66.18798,1,Spruce/Fir,1,1
-19.45761,37.402668,2,Lodgepole Pine,1,1
48.580757,-33.720585,2,Lodgepole Pine,0,0
23.841309,50.312626,2,Lodgepole Pine,0,0
29.622808,-48.150528,2,Lodgepole Pine,0,0
-52.936836,-45.902237,2,Lodgepole Pine,1,1
-37.62891,51.83197,3,Ponderosa Pine,1,1
61.471893,51.171547,6,Douglas-fir,0,0
12.41508,40.143692,2,Lodgepole Pine,1,1
-12.630646,-28.561518,1,Spruce/Fir,1,1
-10.06465,-30.092442,7,Krummholz,1,1
-46.45324,-56.38852,2,Lodgepole Pine,1,1
1.1795704,45.727657,2,Lodgepole Pine,1,1
-14.633763,36.84952,7,Krummholz,1,1
-16.670967,2.32807,1,Spruce/Fir,1,1
-32.5165,55.652122,1,Spruce/Fir,1,1
17.309982,55.735863,2,Lodgepole Pine,0,0
-54.67333,-8.712195,5,Aspen,1,1
-10.842906,43.92073,2,Lodgepole Pine,1,1
-10.373162,-19.711855,2,Lodgepole Pine,1,1
1.5184941,18.582092,2,Lodgepole Pine,1,1
-18.804716,30.988474,1,Spruce/Fir,1,1
62.757195,52.906937,3,Ponderosa Pine,0,0
-37.506992,33.987785,1,Spruce/Fir,1,1
-14.2906,-45.442787,1,Spruce/Fir,1,1
-46.69998,47.070087,6,Douglas-fir,1,1
-22.320023,73.733986,3,Ponderosa Pine,1,1
4.178298,-45.646374,2,Lodgepole Pine,1,0
17.142986,25.291513,1,Spruce/Fir,1,0
1.5989811,34.679604,2,Lodgepole Pine,1,1
-22.85866,-1.2990867,2,Lodgepole Pine,1,1
-1.3923974,35.295,1,Spruce/Fir,1,1
45.111732,42.207073,2,Lodgepole Pine,0,0
-33.73844,74.14141,3,Ponderosa Pine,1,1
-31.91849,-28.515512,2,Lodgepole Pine,1,1
43.504303,-22.598276,2,Lodgepole Pine,0,0
44.936954,-15.259194,1,Spruce/Fir,0,0
45.73826,0.53531295,1,Spruce/Fir,0,0
24.774738,50.133606,2,Lodgepole Pine,0,0
-53.262363,-41.92021,2,Lodgepole Pine,1,1
-34.387474,56.71527,2,Lodgepole Pine,1,1
-20.804836,-80.31299,1,Spruce/Fir,1,1
-48.525867,-26.192835,2,Lodgepole Pine,1,1
11.33429,23.989073,1,Spruce/Fir,1,0
24.345701,-61.49321,1,Spruce/Fir,0,0
-21.330896,-77.18626,2,Lodgepole Pine,1,1
36.253254,1.9005909,2,Lodgepole Pine,0,0
-48.176517,28.388096,2,Lodgepole Pine,1,1
-36.88816,-33.539,2,Lodgepole Pine,1,1
-36.04655,-25.404123,2,Lodgepole Pine,1,1
59.16471,17.644836,2,Lodgepole Pine,0,0
-12.376676,1.819353,2,Lodgepole Pine,1,1
-11.180413,-57.324986,1,Spruce/Fir,1,1
-15.210041,-11.354411,1,Spruce/Fir,1,1
4.368717,59.38993,3,Ponderosa Pine,1,0
-42.825493,-45.259247,2,Lodgepole Pine,1,1
-35.021606,40.16886,2,Lodgepole Pine,1,1
10.1378,19.635506,1,Spruce/Fir,1,0
-24.656685,18.877535,1,Spruce/Fir,1,1
64.70792,43.181183,3,Ponderosa Pine,0,0
39.213398,-4.5796413,2,Lodgepole Pine,0,0
-48.259445,-38.508743,2,Lodgepole Pine,1,1
-36.879967,-21.799633,2,Lodgepole Pine,1,1
31.595854,-2.7075655,1,Spruce/Fir,0,0
47.192993,39.457653,2,Lodgepole Pine,0,0
-7.066192,-53.0449,1,Spruce/Fir,1,1
-10.369748,-19.971317,1,Spruce/Fir,1,1
-17.880287,1.2387425,1,Spruce/Fir,1,1
-5.3693423,34.126095,2,Lodgepole Pine,1,1
-39.496628,6.022001,1,Spruce/Fir,1,0
-17.21065,-64.36622,1,Spruce/Fir,1,1
63.170403,52.817345,2,Lodgepole Pine,0,0
22.528244,-47.247517,2,Lodgepole Pine,1,0
41.110798,13.327259,1,Spruce/Fir,0,0
48.954636,-10.39173,1,Spruce/Fir,0,0
-15.747678,53.034424,2,Lodgepole Pine,1,1
-33.540283,25.02474,1,Spruce/Fir,1,1
40.680687,24.34905,2,Lodgepole Pine,0,0
-5.9810333,-61.807796,2,Lodgepole Pine,1,1
-17.61269,42.525265,2,Lodgepole Pine,1,1
-19.688688,37.303307,2,Lodgepole Pine,1,1
33.69088,17.748562,1,Spruce/Fir,0,0
-15.483001,-22.32712,1,Spruce/Fir,1,1
-50.72801,-44.041523,2,Lodgepole Pine,1,1
-45.56506,-28.89446,2,Lodgepole Pine,1,1
1.6258802,5.4315276,2,Lodgepole Pine,1,1
-20.930134,-48.271297,2,Lodgepole Pine,1,1
-12.451463,-69.10552,2,Lodgepole Pine,1,1
26.25961,22.655922,1,Spruce/Fir,0,0
50.261837,3.0548499,7,Krummholz,0,0
-23.79317,-30.055113,2,Lodgepole Pine,1,0
10.101752,13.971012,2,Lodgepole Pine,0,0
20.295593,-51.50883,2,Lodgepole Pine,0,0
66.4143,37.972767,3,Ponderosa Pine,0,0
43.09573,-26.799826,2,Lodgepole Pine,0,0
-19.877853,75.3874,6,Douglas-fir,1,1
-18.67535,53.135014,2,Lodgepole Pine,1,1
-42.140297,-47.969105,2,Lodgepole Pine,1,1
-21.287886,-78.005264,2,Lodgepole Pine,1,1
-9.700681,-37.129482,1,Spruce/Fir,1,1
-14.5737,-78.26811,2,Lodgepole Pine,1,1
-35.98596,-36.438972,2,Lodgepole Pine,1,1
5.5162063,54.237007,2,Lodgepole Pine,1,1
-24.949677,-25.493212,1,Spruce/Fir,1,1
-1.520636,23.699896,2,Lodgepole Pine,1,0
10.845227,23.728851,1,Spruce/Fir,1,0
29.166786,45.22003,2,Lodgepole Pine,0,0
47.156574,-7.7037983,1,Spruce/Fir,0,0
61.986248,30.84089,6,Douglas-fir,0,0
-27.457716,-2.0978432,1,Spruce/Fir,1,1
-42.355556,-47.96553,2,Lodgepole Pine,1,1
15.165362,-64.83528,2,Lodgepole Pine,0,0
-0.30873346,29.680182,1,Spruce/Fir,1,1
-18.856152,28.085255,1,Spruce/Fir,1,1
34.131195,39.22525,1,Spruce/Fir,0,0
-3.28524,19.027483,2,Lodgepole Pine,1,1
3.4028788,-45.31772,2,Lodgepole Pine,1,0
16.846275,54.370472,3,Ponderosa Pine,0,0
-8.651846,-37.784443,2,Lodgepole Pine,1,1
23.946932,-5.6629224,1,Spruce/Fir,0,0
46.26429,-18.254406,1,Spruce/Fir,0,0
41.680466,25.995918,1,Spruce/Fir,0,0
46.81942,17.186186,2,Lodgepole Pine,0,0
12.583062,18.446152,2,Lodgepole Pine,0,0
-22.406548,48.170685,2,Lodgepole Pine,1,1
0.45128435,15.837619,3,Ponderosa Pine,1,0
-18.8087,-3.9169,7,Krummholz,1,1
26.277494,33.43555,1,Spruce/Fir,0,0
26.158482,22.41155,1,Spruce/Fir,0,0
-9.321528,-78.240135,2,Lodgepole Pine,1,1
-37.708004,-6.466269,1,Spruce/Fir,1,1
58.093166,26.849026,6,Douglas-fir,0,0
-34.137047,-73.15443,2,Lodgepole Pine,1,1
25.09108,9.461395,2,Lodgepole Pine,0,0
-3.2622313,-20.451748,7,Krummholz,1,1
20.033909,-38.71427,1,Spruce/Fir,0,0
61.286354,7.413118,7,Krummholz,0,0
-31.82954,11.409311,2,Lodgepole Pine,1,0
-0.5359011,31.785683,1,Spruce/Fir,1,1
12.630835,14.41345,2,Lodgepole Pine,0,0
30.32579,20.258991,1,Spruce/Fir,0,0
59.301205,10.98844,2,Lodgepole Pine,0,0
45.031235,2.478218,1,Spruce/Fir,0,0
34.55909,38.72807,1,Spruce/Fir,0,0
59.00588,30.744038,2,Lodgepole Pine,0,0
25.492386,46.719612,2,Lodgepole Pine,0,0
-6.9096074,-47.506428,2,Lodgepole Pine,1,1
34.367905,-37.553585,2,Lodgepole Pine,0,0
-3.0163379,29.6279,2,Lodgepole Pine,1,1
28.153187,4.6389813,1,Spruce/Fir,0,0
32.88898,14.440913,2,Lodgepole Pine,0,0
1.1555341,-25.654633,2,Lodgepole Pine,1,1
30.672195,-41.039833,1,Spruce/Fir,0,0
3.3770883,-42.611874,2,Lodgepole Pine,1,1
-5.1747355,27.059973,6,Douglas-fir,1,1
-25.702255,22.247368,1,Spruce/Fir,1,1
11.02092,-30.408108,1,Spruce/Fir,1,1
14.269188,35.33992,2,Lodgepole Pine,1,1
21.591522,55.29295,3,Ponderosa Pine,0,0
-20.215176,-51.063057,1,Spruce/Fir,1,1
6.6168113,-36.95716,1,Spruce/Fir,1,1
-19.474207,-78.30669,2,Lodgepole Pine,1,1
19.988417,59.553875,3,Ponderosa Pine,0,0
-9.03326,-22.191502,1,Spruce/Fir,1,1
16.004274,36.13311,2,Lodgepole Pine,0,0
50.798725,21.819832,1,Spruce/Fir,0,0
-12.637469,-47.69206,1,Spruce/Fir,1,1
-2.5157168,10.779336,1,Spruce/Fir,1,1
16.549751,39.836452,2,Lodgepole Pine,0,0
-6.070078,4.4026184,1,Spruce/Fir,1,1
-57.658077,-28.468418,2,Lodgepole Pine,1,1
66.60263,49.704216,3,Ponderosa Pine,0,0
41.831474,3.6308146,1,Spruce/Fir,0,0
-26.750685,18.541836,1,Spruce/Fir,1,1
-33.85587,-73.38768,2,Lodgepole Pine,1,1
24.608181,49.737232,2,Lodgepole Pine,0,0
-14.259421,39.60298,2,Lodgepole Pine,1,1
-47.914772,43.325073,2,Lodgepole Pine,1,1
-4.1929655,34.28644,2,Lodgepole Pine,1,1
41.762623,-1.4302033,1,Spruce/Fir,0,0
-11.55833,59.689312,1,Spruce/Fir,1,1
9.13609,18.809906,1,Spruce/Fir,1,0
-14.391113,31.23245,2,Lodgepole Pine,1,1
55.856743,8.916125,1,Spruce/Fir,0,0
15.127947,-53.42877,2,Lodgepole Pine,1,0
-4.1815143,6.7713575,1,Spruce/Fir,1,1
-32.38395,-12.6179905,1,Spruce/Fir,1,1
20.446419,-39.880047,1,Spruce/Fir,0,0
-52.296204,-41.96539,2,Lodgepole Pine,1,1
72.76363,40.013203,6,Douglas-fir,0,0
-22.695055,-30.725266,2,Lodgepole Pine,1,0
53.23489,27.354563,6,Douglas-fir,0,0
-37.653725,35.292587,1,Spruce/Fir,1,1
-41.38671,-0.5605158,1,Spruce/Fir,1,1
34.615646,-50.41676,1,Spruce/Fir,0,0
16.111773,47.47543,2,Lodgepole Pine,1,0
47.581577,15.120518,1,Spruce/Fir,0,0
-11.858029,52.43295,2,Lodgepole Pine,1,1
58.463062,21.3758,1,Spruce/Fir,0,0
-37.83277,65.79927,3,Ponderosa Pine,1,1
-11.396083,57.58917,2,Lodgepole Pine,1,1
12.311352,54.58404,3,Ponderosa Pine,1,1
5.9838524,-51.803524,1,Spruce/Fir,1,1
-26.896458,78.50646,3,Ponderosa Pine,1,1
-36.82947,69.63748,3,Ponderosa Pine,1,1
-27.52285,3.290213,1,Spruce/Fir,1,1
13.114959,-36.217846,1,Spruce/Fir,1,1
-50.05198,32.97694,3,Ponderosa Pine,1,1
36.730865,50.166603,2,Lodgepole Pine,0,0
-6.8468246,-1.7328384,1,Spruce/Fir,1,1
48.670124,40.77909,2,Lodgepole Pine,0,0
-10.838888,-73.88952,1,Spruce/Fir,1,1
-15.295663,30.418161,2,Lodgepole Pine,1,1
-7.440757,-57.634323,2,Lodgepole Pine,1,1
-35.81056,28.337551,1,Spruce/Fir,1,1
-41.487873,-5.913012,2,Lodgepole Pine,1,1
51.59394,22.071638,2,Lodgepole Pine,0,0
-12.049416,-63.426697,2,Lodgepole Pine,1,1
-16.300554,-20.869944,2,Lodgepole Pine,1,1
15.641867,-61.41203,2,Lodgepole Pine,0,0
-21.044802,-44.849567,2,Lodgepole Pine,1,1
-47.356617,-6.7917733,2,Lodgepole Pine,1,1
46.443336,-7.259706,1,Spruce/Fir,0,0
-36.863132,-36.725323,2,Lodgepole Pine,1,1
13.469847,16.16821,5,Aspen,1,0
-44.119236,-51.520103,2,Lodgepole Pine,1,1
20.794413,26.53455,2,Lodgepole Pine,0,0
1.1408162,45.399113,2,Lodgepole Pine,1,1
-30.354004,39.212006,2,Lodgepole Pine,1,1
24.68791,-0.8248539,2,Lodgepole Pine,0,0
21.323864,56.332874,3,Ponderosa Pine,0,0
55.960667,-37.213737,7,Krummholz,0,0
27.822624,54.867565,2,Lodgepole Pine,0,0
2.1603377,-40.633034,2,Lodgepole Pine,1,0
10.95931,58.82026,3,Ponderosa Pine,1,1
-30.991865,30.627127,2,Lodgepole Pine,1,1
-14.726289,31.71569,1,Spruce/Fir,1,1
45.014565,-27.547737,2,Lodgepole Pine,0,0
-17.11729,2.0641315,1,Spruce/Fir,1,1
26.936005,52.8336,3,Ponderosa Pine,0,0
30.576057,-1.2787222,2,Lodgepole Pine,0,0
-6.2435064,8.4794445,1,Spruce/Fir,1,1
28.14076,48.992332,2,Lodgepole Pine,0,0
-29.924116,44.15674,1,Spruce/Fir,1,1
-18.071756,37.929897,2,Lodgepole Pine,1,1
-43.41125,27.118916,2,Lodgepole Pine,1,1
-31.564598,-28.56888,2,Lodgepole Pine,1,1
-21.625637,-67.30375,2,Lodgepole Pine,1,1
26.508675,49.615555,2,Lodgepole Pine,0,0
-36.670925,14.770378,2,Lodgepole Pine,1,0
-27.763903,75.674576,3,Ponderosa Pine,1,1
17.223442,3.4619431,2,Lodgepole Pine,0,0
42.232353,23.186125,2,Lodgepole Pine,0,0
63.72628,44.244038,3,Ponderosa Pine,0,0
20.959427,-57.808945,2,Lodgepole Pine,0,0
59.49774,10.902534,2,Lodgepole Pine,0,0
-17.89178,1.0084184,2,Lodgepole Pine,1,1
-55.330826,-6.8880706,5,Aspen,1,1
26.347897,50.999817,2,Lodgepole Pine,0,0
-9.571174,-38.276226,2,Lodgepole Pine,1,1
40.894554,-35.11671,2,Lodgepole Pine,0,0
-40.120426,-28.084604,2,Lodgepole Pine,1,1
39.20851,-30.293415,2,Lodgepole Pine,0,0
-25.551416,-30.839136,2,Lodgepole Pine,1,0
-24.7605,78.375496,4,Cottonwood/Willow,1,1
-21.713564,73.66535,2,Lodgepole Pine,1,1
51.768394,23.410313,2,Lodgepole Pine,0,0
53.28723,-25.277056,1,Spruce/Fir,0,0
-7.679104,-31.431042,1,Spruce/Fir,1,1
11.716202,49.89018,2,Lodgepole Pine,1,1
-41.41341,46.469654,5,Aspen,1,1
15.185304,-60.996662,2,Lodgepole Pine,0,0
-1.4117653,47.668243,1,Spruce/Fir,1,1
32.279724,50.71182,2,Lodgepole Pine,0,0
48.67592,38.45645,1,Spruce/Fir,0,0
-25.396671,43.13999,2,Lodgepole Pine,1,1
-55.085888,-46.05502,2,Lodgepole Pine,1,1
-13.174695,36.87814,1,Spruce/Fir,1,1
14.858543,-65.03674,2,Lodgepole Pine,0,0
49.47701,11.712783,1,Spruce/Fir,0,0
7.027961,-53.242085,2,Lodgepole Pine,1,1
-14.859512,-73.47485,2,Lodgepole Pine,1,1
19.194859,-49.41751,2,Lodgepole Pine,0,0
-0.0467578,27.238173,2,Lodgepole Pine,1,1
-9.818853,38.408768,2,Lodgepole Pine,1,1
0.25771853,-24.089684,2,Lodgepole Pine,1,1
21.872253,55.713306,3,Ponderosa Pine,0,0
-18.666424,34.95741,1,Spruce/Fir,1,1
31.26994,15.060526,1,Spruce/Fir,0,0
29.391766,-26.437695,1,Spruce/Fir,0,0
-7.220504,-27.110432,1,Spruce/Fir,1,1
1.8124515,-9.773903,1,Spruce/Fir,1,1
3.9405231,39.044502,2,Lodgepole Pine,1,1
43.094273,40.02304,1,Spruce/Fir,0,0
26.097317,51.90059,3,Ponderosa Pine,0,0
-50.400536,19.813768,7,Krummholz,1,1
38.859165,11.305715,1,Spruce/Fir,0,0
-19.876284,-68.5091,1,Spruce/Fir,1,1
1.8326647,-28.406744,1,Spruce/Fir,1,1
-40.427105,-17.915949,2,Lodgepole Pine,1,1
52.483444,34.90363,2,Lodgepole Pine,0,0
-40.133865,0.95236546,1,Spruce/Fir,1,1
14.9870405,-15.943837,1,Spruce/Fir,1,0
-34.066044,-20.404919,1,Spruce/Fir,1,1
46.349586,-3.3351989,1,Spruce/Fir,0,0
22.415602,17.594265,1,Spruce/Fir,0,0
-37.428356,50.387623,2,Lodgepole Pine,1,1
-22.411238,-0.6868846,1,Spruce/Fir,1,1
26.968306,-4.2514877,2,Lodgepole Pine,0,0
-45.18006,41.758102,2,Lodgepole Pine,1,1
-18.200274,-58.806705,2,Lodgepole Pine,1,1
-17.852697,-37.528027,1,Spruce/Fir,1,1
-27.790764,-0.7926642,2,Lodgepole Pine,1,1
0.85282636,-48.716663,2,Lodgepole Pine,1,1
-24.634281,-64.35067,2,Lodgepole Pine,1,1
-25.787447,-48.824795,1,Spruce/Fir,1,1
-41.168243,45.506615,2,Lodgepole Pine,1,1
-22.870975,58.510822,3,Ponderosa Pine,1,1
26.27458,57.209946,2,Lodgepole Pine,0,0
-32.427074,33.607918,2,Lodgepole Pine,1,1
60.19406,51.451508,6,Douglas-fir,0,0
54.996773,8.145239,1,Spruce/Fir,0,0
64.765366,44.3898,6,Douglas-fir,0,0
-10.8839445,-17.82064,2,Lodgepole Pine,1,1
33.88636,47.79202,1,Spruce/Fir,0,0
-5.876428,-21.49508,1,Spruce/Fir,1,1
-3.9907198,2.2430782,1,Spruce/Fir,1,1
-27.675737,-1.2810231,1,Spruce/Fir,1,1
59.65483,47.47852,3,Ponderosa Pine,0,0
33.106876,36.31178,2,Lodgepole Pine,0,0
2.5144863,-31.908173,1,Spruce/Fir,1,1
-2.7668056,-37.104782,1,Spruce/Fir,1,1
5.739817,57.663006,3,Ponderosa Pine,1,1
1.7669761,32.39786,2,Lodgepole Pine,1,1
44.97275,2.433505,1,Spruce/Fir,0,0
-31.636862,68.67233,6,Douglas-fir,1,1
-15.808567,-31.664463,2,Lodgepole Pine,1,1
-19.007046,46.727455,3,Ponderosa Pine,1,1
-14.384236,4.0929985,2,Lodgepole Pine,1,1
-17.691868,-36.16945,1,Spruce/Fir,1,1
-22.003136,-18.188349,1,Spruce/Fir,1,1
-3.061582,52.991882,6,Douglas-fir,1,1
61.775566,47.874825,3,Ponderosa Pine,0,0
40.872414,-27.973856,2,Lodgepole Pine,0,0
-32.86964,52.347473,2,Lodgepole Pine,1,1
55.7574,28.861326,6,Douglas-fir,0,0
-56.41345,-13.881327,2,Lodgepole Pine,1,1
-48.08821,-21.66488,2,Lodgepole Pine,1,1
-34.766865,74.96412,4,Cottonwood/Willow,1,1
-51.423306,-47.918514,2,Lodgepole Pine,1,1
-23.387808,26.463165,2,Lodgepole Pine,1,1
19.3681,38.13765,7,Krummholz,0,0
25.567719,46.404575,2,Lodgepole Pine,0,0
-9.904425,55.27085,2,Lodgepole Pine,1,1
-27.263136,-18.766748,1,Spruce/Fir,1,1
13.743115,22.822453,1,Spruce/Fir,0,0
-28.262737,25.207668,1,Spruce/Fir,1,1
13.236268,-60.76138,2,Lodgepole Pine,0,0
-2.1134493,-24.943531,1,Spruce/Fir,1,1
-0.03443887,-43.564632,2,Lodgepole Pine,1,1
39.534687,-36.448616,2,Lodgepole Pine,0,0
-14.136905,-68.0632,2,Lodgepole Pine,1,1
-38.408943,2.5041735,1,Spruce/Fir,1,0
30.834703,20.612509,1,Spruce/Fir,0,0
25.144146,-42.528988,2,Lodgepole Pine,0,0
61.158672,55.04872,6,Douglas-fir,0,0
-46.809338,-16.696182,1,Spruce/Fir,1,1
-55.594498,-26.209665,2,Lodgepole Pine,1,1
31.857788,0.33525518,1,Spruce/Fir,0,0
37.627254,-24.232273,1,Spruce/Fir,0,0
-3.1899824,32.774147,1,Spruce/Fir,1,1
42.32512,-4.137992,1,Spruce/Fir,0,0
-24.558027,19.603148,2,Lodgepole Pine,1,1
-9.420404,-13.706031,1,Spruce/Fir,1,1
33.20531,2.3992226,1,Spruce/Fir,0,0
63.2703,20.482498,2,Lodgepole Pine,0,0
11.717922,-55.010468,2,Lodgepole Pine,1,0
42.34114,-2.0710742,1,Spruce/Fir,0,0
-6.4262505,-60.694515,2,Lodgepole Pine,1,1
-13.02898,36.839222,1,Spruce/Fir,1,1
-27.141083,-1.2783414,1,Spruce/Fir,1,1
-35.260544,-26.355413,2,Lodgepole Pine,1,1
38.309288,46.10814,2,Lodgepole Pine,0,0
27.715322,12.923142,1,Spruce/Fir,0,0
-43.696854,1.7763546,2,Lodgepole Pine,1,0
-45.22866,40.424545,5,Aspen,1,1
-11.078296,-78.20041,2,Lodgepole Pine,1,1
42.325478,-28.055485,2,Lodgepole Pine,0,0
-55.64023,-46.017986,2,Lodgepole Pine,1,1
61.99831,46.060555,6,Douglas-fir,0,0
5.080363,-4.822071,2,Lodgepole Pine,0,1
-22.206675,-36.33346,1,Spruce/Fir,1,1
22.560038,34.948174,1,Spruce/Fir,0,0
-48.96958,-51.45788,1,Spruce/Fir,1,1
50.383472,-1.6724514,2,Lodgepole Pine,0,0
42.844048,-34.830498,2,Lodgepole Pine,0,0
-5.215641,33.219154,2,Lodgepole Pine,1,1
15.615181,-18.05742,7,Krummholz,1,0
-45.09464,45.180088,1,Spruce/Fir,1,1
12.921255,-32.93724,1,Spruce/Fir,1,1
33.861446,-22.723743,2,Lodgepole Pine,0,0
33.24903,22.132257,2,Lodgepole Pine,0,0
56.377388,18.474018,2,Lodgepole Pine,0,0
-3.015893,6.9877267,2,Lodgepole Pine,1,1
-29.252289,-14.183574,1,Spruce/Fir,1,1
33.264893,-25.655201,1,Spruce/Fir,0,0
50.07061,25.694874,2,Lodgepole Pine,0,0
-39.635387,-2.2226782,2,Lodgepole Pine,1,1
-45.448936,-46.283863,2,Lodgepole Pine,1,1
0.8094524,29.46075,2,Lodgepole Pine,1,1
42.554077,10.512681,7,Krummholz,0,0
68.03871,36.946877,3,Ponderosa Pine,0,0
-2.1486561,-29.608767,2,Lodgepole Pine,1,1
42.37101,-46.52022,1,Spruce/Fir,0,0
-31.672838,66.3171,3,Ponderosa Pine,1,1
-16.84419,-57.874004,1,Spruce/Fir,1,1
56.950073,20.882399,1,Spruce/Fir,0,0
4.7685194,-53.532776,2,Lodgepole Pine,1,1
36.960415,-27.692167,2,Lodgepole Pine,0,0
-21.878078,-48.7739,1,Spruce/Fir,1,1
27.176233,-3.5305893,1,Spruce/Fir,0,0
-8.102714,22.043888,1,Spruce/Fir,1,1
-36.004208,68.988525,6,Douglas-fir,1,1
-16.216227,0.7820662,1,Spruce/Fir,1,1
48.450077,6.112624,1,Spruce/Fir,0,0
-9.156874,59.53155,3,Ponderosa Pine,1,1
-9.973875,-12.54418,2,Lodgepole Pine,1,1
27.782732,-60.519714,2,Lodgepole Pine,0,0
-32.961952,24.827282,2,Lodgepole Pine,1,1
-28.899681,-78.34318,2,Lodgepole Pine,1,1
-36.221554,24.994524,7,Krummholz,1,1
43.845833,-26.079712,2,Lodgepole Pine,0,0
42.776604,16.386175,1,Spruce/Fir,0,0
9.410138,-12.143496,1,Spruce/Fir,0,0
-14.370991,-68.75571,2,Lodgepole Pine,1,1
53.931854,19.691013,2,Lodgepole Pine,0,0
-3.5963235,-56.875443,1,Spruce/Fir,1,1
38.047375,-37.737736,1,Spruce/Fir,0,0
-3.842351,-70.78571,2,Lodgepole Pine,1,0
-7.08418,-37.97091,2,Lodgepole Pine,1,1
1.3192431,-9.575813,1,Spruce/Fir,1,1
-31.569513,9.928023,2,Lodgepole Pine,1,0
33.031334,-34.631115,2,Lodgepole Pine,0,0
-5.741348,-19.867138,1,Spruce/Fir,1,1
44.08798,41.547077,1,Spruce/Fir,0,0
-8.894515,-65.765884,1,Spruce/Fir,1,1
-15.306292,-82.90889,1,Spruce/Fir,1,1
-20.635351,23.60722,2,Lodgepole Pine,1,1
40.183254,23.437447,2,Lodgepole Pine,0,0
45.171494,-37.38679,2,Lodgepole Pine,0,0
-15.622331,0.6502379,1,Spruce/Fir,1,1
45.573982,0.21902221,7,Krummholz,0,0
43.923637,-4.24518,1,Spruce/Fir,0,0
5.7472878,-32.59828,1,Spruce/Fir,1,1
19.84746,-53.222496,1,Spruce/Fir,0,0
-14.6479845,-0.30272853,1,Spruce/Fir,1,1
13.523316,27.890137,7,Krummholz,0,0
-45.805088,-49.923313,1,Spruce/Fir,1,1
-8.7123165,27.213152,2,Lodgepole Pine,1,1
-0.57639134,29.944796,2,Lodgepole Pine,1,1
-9.476264,-45.721714,2,Lodgepole Pine,1,1
-40.45986,41.397575,2,Lodgepole Pine,1,1
-23.956564,-66.635086,2,Lodgepole Pine,1,1
-10.287366,-12.020508,1,Spruce/Fir,1,1
19.136087,-52.18725,2,Lodgepole Pine,0,0
-20.719084,23.467728,2,Lodgepole Pine,1,1
-36.347168,-37.4197,2,Lodgepole Pine,1,1
-37.539734,2.6785586,1,Spruce/Fir,1,0
56.655807,-27.63983,1,Spruce/Fir,0,0
51.234787,27.088942,5,Aspen,0,0
-16.565508,-79.13909,2,Lodgepole Pine,1,1
-40.45788,29.339165,2,Lodgepole Pine,1,1
-27.2797,20.291204,1,Spruce/Fir,1,1
-17.838577,-21.297878,2,Lodgepole Pine,1,1
-43.52603,44.387768,2,Lodgepole Pine,1,1
-13.436738,6.9665775,2,Lodgepole Pine,1,1
-15.285451,54.15576,2,Lodgepole Pine,1,1
-46.18629,30.381237,1,Spruce/Fir,1,1
57.477913,43.468052,6,Douglas-fir,0,0
-26.93622,52.27911,6,Douglas-fir,1,1
-8.560273,-83.40528,2,Lodgepole Pine,1,1
-45.181183,33.011482,2,Lodgepole Pine,1,1
35.86546,-42.196423,1,Spruce/Fir,0,0
42.93179,41.80517,1,Spruce/Fir,0,0
-25.58683,78.18452,6,Douglas-fir,1,1
20.091103,19.451664,2,Lodgepole Pine,0,0
45.859814,7.892891,2,Lodgepole Pine,0,0
-14.262196,38.19805,2,Lodgepole Pine,1,1
-46.973656,26.950623,1,Spruce/Fir,1,1
-21.92612,-5.236001,2,Lodgepole Pine,1,1
-26.593378,49.519943,2,Lodgepole Pine,1,1
22.10247,23.424347,2,Lodgepole Pine,0,0
-23.096952,-51.196358,2,Lodgepole Pine,1,1
-39.49373,-51.468876,2,Lodgepole Pine,1,1
22.160618,22.779188,1,Spruce/Fir,0,0
-41.213497,-0.9518954,1,Spruce/Fir,1,1
25.350588,-4.029723,2,Lodgepole Pine,0,0
32.991474,-49.119926,2,Lodgepole Pine,0,0
-45.76142,-29.291208,2,Lodgepole Pine,1,1
-23.685493,38.492893,1,Spruce/Fir,1,1
-30.954971,67.10049,6,Douglas-fir,1,1
51.578243,6.9691386,1,Spruce/Fir,0,0
-9.937671,-82.47649,1,Spruce/Fir,1,1
29.554953,5.8716884,1,Spruce/Fir,0,0
5.791984,-4.9339457,2,Lodgepole Pine,0,1
-60.69948,-25.120596,2,Lodgepole Pine,1,1
48.925316,-1.9598318,1,Spruce/Fir,0,0
-33.11569,-75.125824,2,Lodgepole Pine,1,1
-8.660846,-71.29519,1,Spruce/Fir,1,1
-41.286396,47.184574,2,Lodgepole Pine,1,1
-0.33440328,-36.411057,2,Lodgepole Pine,1,1
11.431237,55.85407,3,Ponderosa Pine,1,1
-1.8502933,-62.53455,2,Lodgepole Pine,1,1
-44.435097,-31.955978,2,Lodgepole Pine,1,1
3.7223303,18.124481,2,Lodgepole Pine,1,0
-17.688951,41.829548,1,Spruce/Fir,1,1
23.809536,-63.679047,1,Spruce/Fir,0,0
60.006947,24.975761,1,Spruce/Fir,0,0
46.376278,-18.568556,2,Lodgepole Pine,0,0
43.2927,22.505814,2,Lodgepole Pine,0,0
-37.45217,-20.187248,1,Spruce/Fir,1,1
36.298473,-34.82764,2,Lodgepole Pine,0,0
-43.709988,-18.653429,1,Spruce/Fir,1,1
50.72954,20.788473,2,Lodgepole Pine,0,0
55.587666,24.422699,2,Lodgepole Pine,0,0
-16.584259,25.956257,1,Spruce/Fir,1,1
-6.5006604,-15.632496,1,Spruce/Fir,1,1
-23.138649,54.018753,2,Lodgepole Pine,1,1
23.282328,-47.60574,2,Lodgepole Pine,0,0
40.93744,-38.141422,2,Lodgepole Pine,0,0
56.40486,-31.114656,1,Spruce/Fir,0,0
26.802912,-3.6383743,2,Lodgepole Pine,0,0
1.123256,-31.157179,1,Spruce/Fir,1,1
-44.369946,-44.673767,2,Lodgepole Pine,1,1
50.00688,25.798883,2,Lodgepole Pine,0,0
-1.7257222,21.626385,1,Spruce/Fir,1,0
-49.950184,-48.51251,2,Lodgepole Pine,1,1
-40.50637,-35.3617,2,Lodgepole Pine,1,1
-34.855476,18.867653,2,Lodgepole Pine,1,1
-45.95283,-49.654613,2,Lodgepole Pine,1,1
38.138596,-41.788242,1,Spruce/Fir,0,0
37.403603,47.718407,2,Lodgepole Pine,0,0
64.09501,20.024221,1,Spruce/Fir,0,0
5.3529434,11.378569,2,Lodgepole Pine,1,0
-8.608387,25.79098,1,Spruce/Fir,1,1
45.20984,-28.404625,2,Lodgepole Pine,0,0
59.255978,15.663293,2,Lodgepole Pine,0,0
-33.346203,51.679935,1,Spruce/Fir,1,1
29.126175,8.628948,2,Lodgepole Pine,0,0
-0.04663748,-21.863089,1,Spruce/Fir,1,1
-38.15153,-6.4066978,1,Spruce/Fir,1,1
17.186852,31.343212,1,Spruce/Fir,0,0
-27.87867,42.046337,2,Lodgepole Pine,1,1
21.075905,27.489588,1,Spruce/Fir,0,0
-8.326016,-10.906053,1,Spruce/Fir,1,1
-8.838851,-47.47901,1,Spruce/Fir,1,1
-1.0886875,23.108055,1,Spruce/Fir,1,0
27.832092,-39.88906,7,Krummholz,0,0
7.187944,26.168665,2,Lodgepole Pine,1,0
0.52774525,-27.73325,2,Lodgepole Pine,1,1
-22.3573,77.76175,6,Douglas-fir,1,1
-44.116257,1.5202926,2,Lodgepole Pine,1,0
-38.06592,20.508974,1,Spruce/Fir,1,1
-27.315157,19.351278,2,Lodgepole Pine,1,1
-46.308643,28.400696,2,Lodgepole Pine,1,1
51.273506,-36.38023,2,Lodgepole Pine,0,0
-10.189394,-79.44607,2,Lodgepole Pine,1,1
-11.422572,32.333153,1,Spruce/Fir,1,1
18.872854,-49.712086,1,Spruce/Fir,1,0
-30.737192,9.69886,2,Lodgepole Pine,1,0
-56.332424,-16.696419,2,Lodgepole Pine,1,1
-14.901561,15.423792,1,Spruce/Fir,1,0
3.7320201,17.882858,2,Lodgepole Pine,0,0
28.962692,-37.34028,1,Spruce/Fir,0,0
-33.274864,51.576946,1,Spruce/Fir,1,1
31.602114,12.428607,1,Spruce/Fir,0,0
23.143078,-34.67768,1,Spruce/Fir,0,0
-52.64079,26.351643,1,Spruce/Fir,1,1
40.346157,-30.416052,2,Lodgepole Pine,0,0
-49.68302,-55.02414,2,Lodgepole Pine,1,1
-47.30752,20.712305,7,Krummholz,1,1
-0.58138907,-37.942326,2,Lodgepole Pine,1,1
-8.402333,-11.074862,1,Spruce/Fir,1,1
-21.878496,-66.96625,2,Lodgepole Pine,1,1
8.001432,9.5772,2,Lodgepole Pine,1,0
39.383038,-45.87877,1,Spruce/Fir,0,0
-43.319977,-48.382633,2,Lodgepole Pine,1,1
-7.869656,-51.774487,2,Lodgepole Pine,1,1
42.86362,29.934786,2,Lodgepole Pine,0,0
13.055576,53.39645,3,Ponderosa Pine,1,1
65.863495,43.762234,6,Douglas-fir,0,0
2.4206917,-31.330847,1,Spruce/Fir,1,1
13.055378,-16.015978,2,Lodgepole Pine,1,0
3.2582142,18.373446,2,Lodgepole Pine,1,0
-52.847485,-50.287727,2,Lodgepole Pine,1,1
-35.716255,-1.8133466,1,Spruce/Fir,1,1
32.91198,49.775906,1,Spruce/Fir,0,0
-27.006533,24.03078,1,Spruce/Fir,1,1
59.23526,15.706773,2,Lodgepole Pine,0,0
41.077663,-32.509007,2,Lodgepole Pine,0,0
-21.359467,26.922977,1,Spruce/Fir,1,1
35.93433,16.86077,1,Spruce/Fir,0,0
-3.717142,-23.267221,2,Lodgepole Pine,1,1
-32.00852,13.427608,2,Lodgepole Pine,1,0
30.63544,-11.427674,1,Spruce/Fir,0,0
59.78041,46.065502,6,Douglas-fir,0,0
56.209415,24.391972,2,Lodgepole Pine,0,0
15.864373,-63.87698,2,Lodgepole Pine,0,0
22.542387,34.92222,1,Spruce/Fir,1,0
-19.789871,37.287094,2,Lodgepole Pine,1,1
21.506214,-58.522408,2,Lodgepole Pine,0,0
-28.386148,39.770115,1,Spruce/Fir,1,1
59.70692,53.780502,6,Douglas-fir,0,0
-40.843052,41.52042,2,Lodgepole Pine,1,1
-4.491403,-28.498507,2,Lodgepole Pine,1,1
-41.248245,12.5484295,1,Spruce/Fir,1,0
-36.521214,24.09587,7,Krummholz,1,1
52.512733,12.83628,1,Spruce/Fir,0,0
33.493282,-21.273817,2,Lodgepole Pine,0,0
12.45987,-57.447105,2,Lodgepole Pine,1,1
46.608887,-0.78128636,7,Krummholz,0,0
-37.133484,-20.8993,1,Spruce/Fir,1,1
36.70947,-43.211174,1,Spruce/Fir,0,0
27.161001,-51.449444,2,Lodgepole Pine,0,0
-26.39422,-48.191956,1,Spruce/Fir,1,1
12.283728,25.078106,1,Spruce/Fir,1,0
-34.51247,-8.649208,1,Spruce/Fir,1,1
-17.449854,77.7475,4,Cottonwood/Willow,1,1
45.402763,41.58382,2,Lodgepole Pine,0,0
-21.855728,-27.72753,2,Lodgepole Pine,1,1
26.593718,56.898815,3,Ponderosa Pine,0,0
72.49584,38.575417,3,Ponderosa Pine,0,0
-54.379265,-28.796875,2,Lodgepole Pine,1,1
41.51142,-9.82229,1,Spruce/Fir,0,0
30.551744,-48.96148,2,Lodgepole Pine,0,0
-36.50621,-31.059776,2,Lodgepole Pine,1,1
-53.372215,-15.777496,1,Spruce/Fir,1,1
-11.124837,-26.647877,7,Krummholz,1,1
-42.132618,9.566716,2,Lodgepole Pine,0,0
-1.641822,55.7302,3,Ponderosa Pine,1,1
-15.493773,52.231335,5,Aspen,1,1
-25.817236,-9.985448,7,Krummholz,1,1
-32.530212,33.91391,1,Spruce/Fir,1,1
46.402184,28.321928,2,Lodgepole Pine,0,0
-32.69431,54.278793,2,Lodgepole Pine,1,1
28.729172,-26.043684,2,Lodgepole Pine,0,0
-42.55008,44.316826,2,Lodgepole Pine,1,1
-39.057575,10.872073,2,Lodgepole Pine,1,0
-0.40311822,-43.4983,2,Lodgepole Pine,1,1
21.451332,27.229128,1,Spruce/Fir,0,0
2.3508554,-42.80983,2,Lodgepole Pine,1,1
-24.201023,-25.277994,1,Spruce/Fir,1,1
63.48767,20.303736,2,Lodgepole Pine,0,0
-48.844902,20.863913,7,Krummholz,1,1
18.857319,10.18978,1,Spruce/Fir,0,0
72.860886,41.388668,6,Douglas-fir,0,0
57.198223,19.544487,2,Lodgepole Pine,0,0
15.337359,8.679089,1,Spruce/Fir,0,0
-40.928127,-6.281819,1,Spruce/Fir,1,1
-24.932613,17.708982,1,Spruce/Fir,1,1
31.459436,-22.637762,2,Lodgepole Pine,0,0
-28.324049,-0.09714986,1,Spruce/Fir,1,1
-13.7048025,-66.12566,1,Spruce/Fir,1,1
52.127476,24.265875,2,Lodgepole Pine,0,0
12.65151,7.6744967,7,Krummholz,1,0
-42.446922,24.823732,1,Spruce/Fir,1,1
-8.146282,-13.478384,2,Lodgepole Pine,1,1
-22.53976,34.8173,1,Spruce/Fir,1,1
-11.102794,-14.367184,2,Lodgepole Pine,1,1
-12.044547,-78.797424,2,Lodgepole Pine,1,1
-18.933641,36.628643,1,Spruce/Fir,1,1
49.565704,11.682114,1,Spruce/Fir,0,0
42.611534,-31.081158,2,Lodgepole Pine,0,0
-18.662718,53.14185,2,Lodgepole Pine,1,1
-54.752525,-14.820896,2,Lodgepole Pine,1,1
-19.171831,75.36705,3,Ponderosa Pine,1,1
-17.357538,-66.32027,2,Lodgepole Pine,1,1
2.4822707,41.11139,1,Spruce/Fir,1,1
-0.5779597,-71.863846,2,Lodgepole Pine,1,1
-51.542576,-2.9724143,5,Aspen,1,1
30.625668,53.434185,2,Lodgepole Pine,0,0
-29.262228,-74.96569,5,Aspen,1,1
43.12413,-4.9690213,1,Spruce/Fir,0,0
-54.626312,28.773426,1,Spruce/Fir,1,1
-4.6091495,4.8804827,1,Spruce/Fir,1,1
-11.007613,-52.207844,1,Spruce/Fir,1,1
0.8753699,-46.822624,1,Spruce/Fir,1,1
18.314226,5.306848,2,Lodgepole Pine,0,0
-38.57024,25.173218,1,Spruce/Fir,1,1
-18.724037,-33.759808,2,Lodgepole Pine,1,1
21.359463,-21.696577,1,Spruce/Fir,0,0
55.51401,28.820927,6,Douglas-fir,0,0
22.732403,-22.5454,2,Lodgepole Pine,0,0
-4.8664465,24.154207,1,Spruce/Fir,1,1
-19.219543,76.40181,4,Cottonwood/Willow,1,1
-41.695446,33.790813,2,Lodgepole Pine,1,1
-4.948736,-24.379513,1,Spruce/Fir,1,1
48.27496,-20.386497,2,Lodgepole Pine,0,0
-27.597952,39.729076,2,Lodgepole Pine,1,1
-45.800266,-7.9067593,1,Spruce/Fir,1,1
20.377005,47.86833,2,Lodgepole Pine,0,0
42.17537,-20.40587,2,Lodgepole Pine,0,0
-9.981901,58.917515,2,Lodgepole Pine,1,1
-18.189394,23.64865,2,Lodgepole Pine,1,1
-27.625109,43.67804,2,Lodgepole Pine,1,1
48.226933,-38.044273,2,Lodgepole Pine,0,0
-10.031443,-82.65742,1,Spruce/Fir,1,1
-0.13328815,27.73088,2,Lodgepole Pine,1,1
-13.073415,3.9165514,1,Spruce/Fir,1,1
-38.783356,-24.993216,2,Lodgepole Pine,1,1
-6.5246625,-80.540596,2,Lodgepole Pine,1,0
-17.467796,43.67021,2,Lodgepole Pine,1,1
-20.28382,-76.37319,2,Lodgepole Pine,1,1
58.68489,30.98237,3,Ponderosa Pine,0,0
-38.696384,21.73519,1,Spruce/Fir,1,1
-9.288862,-77.88361,2,Lodgepole Pine,1,1
46.36955,-18.364323,2,Lodgepole Pine,0,0
-47.69426,-45.60328,1,Spruce/Fir,1,1
28.055792,-44.154465,1,Spruce/Fir,0,0
41.672165,13.308984,2,Lodgepole Pine,0,0
-42.94227,-53.163643,2,Lodgepole Pine,1,1
-17.0914,-1.205776,1,Spruce/Fir,1,1
-21.759546,75.49779,3,Ponderosa Pine,1,1
-23.205345,-51.108337,2,Lodgepole Pine,1,1
45.376556,43.104202,7,Krummholz,0,0
-9.470406,-77.9042,2,Lodgepole Pine,1,1
2.0827816,-31.65581,1,Spruce/Fir,1,1
-47.04692,25.140759,1,Spruce/Fir,1,1
-20.134277,-78.74074,2,Lodgepole Pine,1,1
23.31393,-63.939213,1,Spruce/Fir,0,0
-18.268589,38.32982,2,Lodgepole Pine,1,1
38.99769,-29.646563,2,Lodgepole Pine,0,0
-16.357605,-21.03859,2,Lodgepole Pine,1,1
-22.44999,11.358181,1,Spruce/Fir,1,1
-9.685923,-10.832451,1,Spruce/Fir,1,1
54.625973,11.844014,1,Spruce/Fir,0,0
-24.859932,69.976944,3,Ponderosa Pine,1,1
27.638186,-30.397123,1,Spruce/Fir,0,0
-14.178639,-1.9534571,1,Spruce/Fir,1,1
-9.084993,26.150934,1,Spruce/Fir,1,1
35.28438,34.149513,2,Lodgepole Pine,0,0
34.160423,43.78386,1,Spruce/Fir,0,0
5.9348316,-55.09267,2,Lodgepole Pine,1,1
-1.0254385,20.159527,2,Lodgepole Pine,1,0
21.334393,8.310902,2,Lodgepole Pine,0,0
-31.955553,35.49053,2,Lodgepole Pine,1,1
-18.551874,30.137556,1,Spruce/Fir,1,1
-21.015629,74.16571,3,Ponderosa Pine,1,1
0.60957164,59.893456,5,Aspen,1,1
32.842625,17.831785,1,Spruce/Fir,0,0
60.008656,52.031277,3,Ponderosa Pine,0,0
-0.12243731,31.97962,2,Lodgepole Pine,1,1
8.753028,-12.094828,1,Spruce/Fir,1,0
-14.330764,53.058994,2,Lodgepole Pine,1,1
39.14649,-41.029594,2,Lodgepole Pine,0,0
6.7847414,56.00054,2,Lodgepole Pine,1,1
-7.138025,-35.741356,1,Spruce/Fir,1,1
-14.329674,-78.74799,2,Lodgepole Pine,1,1
-4.967047,-39.638935,1,Spruce/Fir,1,1
-10.707682,-82.22365,2,Lodgepole Pine,1,1
48.818863,-10.128062,1,Spruce/Fir,0,0
25.640213,-43.32847,2,Lodgepole Pine,0,0
-10.7554655,-69.62329,2,Lodgepole Pine,1,1
-8.474597,-71.3549,1,Spruce/Fir,1,1
11.154223,10.704394,7,Krummholz,1,0
12.6305895,30.94494,7,Krummholz,1,0
-7.2899265,-14.747201,1,Spruce/Fir,1,1
45.037437,30.33612,2,Lodgepole Pine,0,0
32.807655,-34.716236,1,Spruce/Fir,0,0
-21.08165,-80.33752,2,Lodgepole Pine,1,1
-38.623302,-22.640274,2,Lodgepole Pine,1,1
-33.061546,13.15192,1,Spruce/Fir,1,0
61.304035,7.242731,7,Krummholz,0,0
27.242275,-63.20481,1,Spruce/Fir,0,0
0.7678808,-6.3591638,1,Spruce/Fir,1,1
39.20161,18.328938,1,Spruce/Fir,0,0
-55.200577,-6.550629,5,Aspen,1,1
-17.812881,-37.858303,2,Lodgepole Pine,1,1
-17.102919,-60.34271,1,Spruce/Fir,1,1
50.70117,-25.3072,1,Spruce/Fir,0,0
-23.701967,-23.329561,7,Krummholz,1,0
-23.256695,15.875716,7,Krummholz,1,1
19.980137,59.51342,3,Ponderosa Pine,0,0
56.336754,-29.610453,1,Spruce/Fir,0,0
-7.207705,17.321154,1,Spruce/Fir,1,1
-3.2479544,-14.754619,2,Lodgepole Pine,1,1
28.827978,-27.726969,2,Lodgepole Pine,0,0
-8.566098,14.981574,1,Spruce/Fir,1,1
-16.015589,-67.48855,1,Spruce/Fir,1,1
-9.970425,-83.776665,2,Lodgepole Pine,1,1
-27.93553,-75.241,2,Lodgepole Pine,1,1
44.15982,-9.392913,1,Spruce/Fir,0,0
23.81932,40.38536,2,Lodgepole Pine,0,0
62.757294,43.82487,2,Lodgepole Pine,0,0
1.0223078,-38.08812,1,Spruce/Fir,1,1
16.514006,36.32434,2,Lodgepole Pine,0,0
-48.250458,43.793343,2,Lodgepole Pine,1,1
-37.068836,35.53225,2,Lodgepole Pine,1,1
-2.7594066,9.616858,1,Spruce/Fir,1,1
-5.614532,-43.91395,2,Lodgepole Pine,1,1
45.05593,30.359348,3,Ponderosa Pine,0,0
25.390257,-1.3256004,1,Spruce/Fir,0,0
-18.646244,-46.997143,2,Lodgepole Pine,1,1
-53.83249,-21.506193,2,Lodgepole Pine,1,1
-43.211613,-54.84886,2,Lodgepole Pine,1,1
-49.010273,-5.34118,2,Lodgepole Pine,1,1
-7.402997,-36.443165,2,Lodgepole Pine,1,1
27.671177,-64.652405,2,Lodgepole Pine,0,0
-9.217299,-11.167502,1,Spruce/Fir,1,1
20.576838,-22.485828,1,Spruce/Fir,0,0
-41.368755,-31.812672,2,Lodgepole Pine,1,1
-7.2314243,8.828451,1,Spruce/Fir,1,1
6.8850417,28.681992,1,Spruce/Fir,1,1
-49.24177,-52.357357,2,Lodgepole Pine,1,1
72.12687,45.36955,6,Douglas-fir,0,0
-5.4143734,-38.69434,1,Spruce/Fir,1,1
-1.842547,22.015577,1,Spruce/Fir,1,0
-37.17125,67.679665,3,Ponderosa Pine,1,1
-1.5404633,-19.295292,1,Spruce/Fir,1,1
24.976807,-1.5973511,1,Spruce/Fir,0,0
59.310917,48.334892,4,Cottonwood/Willow,0,0
-21.694159,-28.085218,2,Lodgepole Pine,1,1
18.729984,-55.57645,2,Lodgepole Pine,0,0
-29.408468,-77.317665,2,Lodgepole Pine,1,1
-7.9314537,-51.62005,1,Spruce/Fir,1,1
-40.67711,14.1886835,2,Lodgepole Pine,1,0
32.311825,-2.4532084,1,Spruce/Fir,0,0
71.752846,37.955288,3,Ponderosa Pine,0,0
24.123045,40.881336,2,Lodgepole Pine,0,0
13.411172,14.800939,2,Lodgepole Pine,0,0
38.170425,23.609121,2,Lodgepole Pine,0,0
43.84775,-15.004123,1,Spruce/Fir,0,0
30.584948,53.405487,2,Lodgepole Pine,0,0
0.76095045,-48.681656,2,Lodgepole Pine,1,1
9.595298,-12.153615,1,Spruce/Fir,0,0
-16.189276,55.716377,2,Lodgepole Pine,1,1
-2.0227692,-46.8009,1,Spruce/Fir,1,1
-42.00524,-17.78772,2,Lodgepole Pine,1,1
-45.88235,40.665512,2,Lodgepole Pine,1,1
-53.640697,29.756859,7,Krummholz,1,1
-55.1236,-31.413092,2,Lodgepole Pine,1,1
62.81368,18.055311,1,Spruce/Fir,0,0
41.17984,-38.03972,2,Lodgepole Pine,0,0
-26.31195,-48.265762,1,Spruce/Fir,1,1
-1.6722498,58.529636,6,Douglas-fir,1,1
-1.090816,-70.81404,1,Spruce/Fir,1,1
29.68494,-1.9862527,2,Lodgepole Pine,0,0
-32.943184,-10.284016,7,Krummholz,1,1
-25.840937,18.472733,2,Lodgepole Pine,1,1
-34.010014,-73.86672,2,Lodgepole Pine,1,1
-34.72226,-26.3808,2,Lodgepole Pine,1,1
-33.167076,11.058344,2,Lodgepole Pine,1,0
-24.731224,19.332998,2,Lodgepole Pine,1,1
17.298786,3.4365602,2,Lodgepole Pine,0,0
26.86436,-3.5880015,1,Spruce/Fir,0,0
-22.90856,-25.234646,1,Spruce/Fir,1,1
33.092922,-38.74756,2,Lodgepole Pine,0,0
45.86406,0.5714697,7,Krummholz,0,0
-13.64778,-82.926346,2,Lodgepole Pine,1,1
19.347517,24.304379,2,Lodgepole Pine,0,0
-35.574955,69.41678,6,Douglas-fir,1,1
-30.05633,-76.26291,2,Lodgepole Pine,1,1
34.206898,-36.70066,5,Aspen,0,0
-44.266865,35.295406,2,Lodgepole Pine,1,1
-45.5896,-19.515356,1,Spruce/Fir,1,1
-9.726648,-39.559864,1,Spruce/Fir,1,1
-10.104308,-49.05427,1,Spruce/Fir,1,1
50.868458,-25.711502,1,Spruce/Fir,0,0
-10.151902,-23.011538,1,Spruce/Fir,1,1
-22.734606,13.451449,7,Krummholz,1,1
4.294844,25.109539,2,Lodgepole Pine,0,0
-42.301025,42.21508,2,Lodgepole Pine,1,1
-2.656725,-52.984127,2,Lodgepole Pine,1,1
59.202053,18.126692,2,Lodgepole Pine,0,0
-27.370201,-1.3881255,1,Spruce/Fir,1,1
15.952267,50.532333,3,Ponderosa Pine,1,1
-48.643658,-24.79378,2,Lodgepole Pine,1,1
-33.653778,52.64424,6,Douglas-fir,1,1
-42.89482,-51.677425,2,Lodgepole Pine,1,1
-8.451913,-41.517445,1,Spruce/Fir,1,1
-0.039923113,-23.442696,2,Lodgepole Pine,1,1
-15.827146,-44.086666,1,Spruce/Fir,1,1
9.898849,12.862845,2,Lodgepole Pine,0,0
29.0983,13.900857,2,Lodgepole Pine,0,0
-2.5229785,-24.273968,1,Spruce/Fir,1,1
73.90283,39.158245,3,Ponderosa Pine,0,0
48.059147,6.6997395,1,Spruce/Fir,0,0
30.655226,-42.06688,1,Spruce/Fir,0,0
-34.162304,-31.164608,2,Lodgepole Pine,1,1
-8.64201,40.301495,2,Lodgepole Pine,1,1
-22.400316,48.189915,2,Lodgepole Pine,1,1
-16.208933,78.08049,3,Ponderosa Pine,0,1
-14.928137,32.205353,1,Spruce/Fir,1,1
-41.428463,-1.0565825,1,Spruce/Fir,1,1
60.903763,55.24714,3,Ponderosa Pine,0,0
26.084219,-37.681026,1,Spruce/Fir,0,0
1.739404,18.526737,2,Lodgepole Pine,1,1
47.450417,-5.8371367,1,Spruce/Fir,0,0
42.499733,-44.154263,1,Spruce/Fir,0,0
35.30249,12.390625,2,Lodgepole Pine,0,0
36.076668,2.4440856,2,Lodgepole Pine,0,0
18.90958,0.8220425,2,Lodgepole Pine,0,0
49.35008,38.450962,1,Spruce/Fir,0,0
11.094866,-15.819519,7,Krummholz,1,0
55.558228,-36.46238,1,Spruce/Fir,0,0
-5.2267437,-38.688812,1,Spruce/Fir,1,1
18.753197,16.717474,2,Lodgepole Pine,0,0
-27.614668,0.03570268,2,Lodgepole Pine,1,1
-28.177622,69.96215,6,Douglas-fir,1,1
62.77277,10.604825,1,Spruce/Fir,0,0
30.085726,-32.63183,2,Lodgepole Pine,0,0
28.723085,-37.422264,1,Spruce/Fir,0,0
58.16195,12.417101,2,Lodgepole Pine,0,0
-2.9407911,-24.314445,2,Lodgepole Pine,1,1
-6.956494,56.78567,2,Lodgepole Pine,1,1
-8.616326,9.202685,1,Spruce/Fir,1,1
-54.0929,31.301338,7,Krummholz,1,1
29.007978,34.394604,2,Lodgepole Pine,0,0
-2.107116,-67.506485,2,Lodgepole Pine,1,1
-1.7564359,55.858448,3,Ponderosa Pine,1,1
-13.041261,-42.229725,1,Spruce/Fir,1,1
69.75665,39.26677,3,Ponderosa Pine,0,0
34.94178,-49.86871,2,Lodgepole Pine,0,0
70.78091,41.50769,3,Ponderosa Pine,0,0
-9.238306,30.363218,1,Spruce/Fir,1,1
33.1112,36.201176,1,Spruce/Fir,0,0
-41.53747,-21.54842,1,Spruce/Fir,1,1
40.99091,-35.159847,1,Spruce/Fir,0,0
54.117836,21.601873,2,Lodgepole Pine,0,0
-41.588493,-31.151817,2,Lodgepole Pine,1,1
-56.07722,-14.006139,2,Lodgepole Pine,1,1
13.380898,-14.159446,2,Lodgepole Pine,0,0
-23.817165,13.614415,1,Spruce/Fir,1,1
-60.53936,-19.590702,2,Lodgepole Pine,1,1
-7.7551928,-31.42677,1,Spruce/Fir,1,1
18.55887,-65.906845,2,Lodgepole Pine,0,0
-21.040827,-8.002376,2,Lodgepole Pine,1,1
29.584023,-49.062572,2,Lodgepole Pine,0,0
41.681248,-2.6218607,2,Lodgepole Pine,0,0
-16.17717,-37.060364,2,Lodgepole Pine,1,1
-6.4216967,-20.593494,1,Spruce/Fir,1,1
-13.856278,23.66601,2,Lodgepole Pine,1,1
-29.940844,-75.92049,2,Lodgepole Pine,1,1
42.09623,-10.183834,1,Spruce/Fir,0,0
-0.69942933,-42.40283,1,Spruce/Fir,1,1
-12.514456,-45.904526,2,Lodgepole Pine,1,1
42.860783,-3.0574071,1,Spruce/Fir,0,0
66.97537,42.747406,3,Ponderosa Pine,0,0
7.508444,-27.532375,1,Spruce/Fir,1,1
47.44343,8.555282,1,Spruce/Fir,0,0
15.719413,-63.507565,2,Lodgepole Pine,0,0
-12.9730835,25.73666,1,Spruce/Fir,1,1
25.435678,45.064835,2,Lodgepole Pine,0,0
45.161274,-26.854557,2,Lodgepole Pine,0,0
6.196036,40.858788,2,Lodgepole Pine,1,0
-13.875774,14.52906,7,Krummholz,1,0
-55.214626,-30.240635,2,Lodgepole Pine,1,1
-39.402412,10.764216,2,Lodgepole Pine,1,0
38.033802,-19.983486,2,Lodgepole Pine,0,0
45.5235,-6.7737656,2,Lodgepole Pine,0,0
-22.996958,15.45513,7,Krummholz,1,1
-38.2629,2.5376034,1,Spruce/Fir,1,0
-23.492727,59.164024,6,Douglas-fir,1,1
-31.116924,52.35577,2,Lodgepole Pine,1,1
-8.805352,-56.3149,1,Spruce/Fir,1,1
-54.06294,31.616629,7,Krummholz,1,1
-43.37353,-45.664303,2,Lodgepole Pine,1,1
-44.220478,29.231773,1,Spruce/Fir,1,1
-9.460557,34.9539,1,Spruce/Fir,1,1
-24.50933,36.26535,1,Spruce/Fir,1,1
-9.920703,-44.980835,2,Lodgepole Pine,1,1
62.90867,14.664679,1,Spruce/Fir,0,0
-47.091965,-16.929068,1,Spruce/Fir,1,1
43.143387,21.508146,1,Spruce/Fir,0,0
37.857964,-4.834253,2,Lodgepole Pine,0,0
0.49849045,-52.263332,1,Spruce/Fir,1,1
67.15505,42.012897,6,Douglas-fir,0,0
51.15046,-23.348635,1,Spruce/Fir,0,0
-12.944096,22.939016,1,Spruce/Fir,1,1
-43.652077,-50.259037,2,Lodgepole Pine,1,1
-7.08786,-58.0667,1,Spruce/Fir,1,1
1.8700945,-30.53175,1,Spruce/Fir,1,1
69.36188,41.24685,3,Ponderosa Pine,0,0
33.942017,-37.73738,2,Lodgepole Pine,0,0
-7.1967554,-48.63881,2,Lodgepole Pine,1,1
-34.534294,-8.613044,1,Spruce/Fir,1,1
25.063215,9.371009,2,Lodgepole Pine,0,0
28.051908,-60.42212,1,Spruce/Fir,0,0
45.173542,35.44029,2,Lodgepole Pine,0,0
61.577087,47.831387,6,Douglas-fir,0,0
-23.704336,26.592783,2,Lodgepole Pine,1,1
24.518192,33.31192,2,Lodgepole Pine,1,1
-41.606686,-1.3204498,1,Spruce/Fir,1,1
32.11762,0.5514128,1,Spruce/Fir,0,0
56.421085,-28.795372,1,Spruce/Fir,0,0
1.9856945,-30.584648,1,Spruce/Fir,1,1
39.724358,-0.9641677,2,Lodgepole Pine,0,0
35.26513,16.429695,1,Spruce/Fir,0,0
-17.333168,20.867918,2,Lodgepole Pine,1,1
31.390406,7.9077187,1,Spruce/Fir,0,0
-30.984383,-76.25998,2,Lodgepole Pine,1,1
26.371517,33.3052,1,Spruce/Fir,0,0
-7.159524,-37.113777,2,Lodgepole Pine,1,1
-25.471603,33.755253,1,Spruce/Fir,1,1
-21.803158,-49.723583,1,Spruce/Fir,1,1
16.01201,49.763798,2,Lodgepole Pine,1,1
-39.978275,-35.938534,2,Lodgepole Pine,1,1
-3.6172645,53.10399,6,Douglas-fir,1,1
42.007515,19.130663,2,Lodgepole Pine,0,0
4.556167,10.35675,2,Lodgepole Pine,1,0
-20.490797,-51.14853,1,Spruce/Fir,1,1
-6.6114655,21.087517,7,Krummholz,1,1
-14.817152,-0.43201026,2,Lodgepole Pine,1,1
-45.13913,33.59932,1,Spruce/Fir,1,1
-49.50586,-13.102784,2,Lodgepole Pine,1,1
32.956783,14.571908,2,Lodgepole Pine,0,0
44.800068,-33.063515,2,Lodgepole Pine,0,0
36.275497,-27.308926,2,Lodgepole Pine,0,0
29.557693,-48.123165,2,Lodgepole Pine,0,0
65.71916,44.407658,6,Douglas-fir,0,0
-21.92508,-30.171627,2,Lodgepole Pine,1,1
-31.0079,-76.105515,2,Lodgepole Pine,1,1
-36.08831,-38.179073,2,Lodgepole Pine,1,1
57.562325,23.613585,2,Lodgepole Pine,0,0
-3.6825347,45.40306,2,Lodgepole Pine,1,1
-45.15482,-52.48496,2,Lodgepole Pine,1,1
8.532286,46.762375,2,Lodgepole Pine,1,1
-31.787966,-72.87884,2,Lodgepole Pine,1,1
-49.988403,-46.204277,1,Spruce/Fir,1,1
-8.15177,-64.6864,1,Spruce/Fir,1,1
42.48359,-44.26096,7,Krummholz,0,0
-11.378197,1.4232055,1,Spruce/Fir,1,1
35.098972,-19.736746,2,Lodgepole Pine,0,0
0.03440674,-23.996765,2,Lodgepole Pine,1,1
40.1938,23.480206,2,Lodgepole Pine,0,0
-19.938566,-58.60172,2,Lodgepole Pine,1,1
3.3633587,27.941816,2,Lodgepole Pine,1,0
25.384052,-1.8222915,2,Lodgepole Pine,0,0
19.500992,22.820518,2,Lodgepole Pine,0,0
-16.672295,0.8850169,1,Spruce/Fir,1,1
19.418419,32.463833,2,Lodgepole Pine,0,0
32.47944,39.0268,2,Lodgepole Pine,0,0
-36.178413,-26.90161,2,Lodgepole Pine,1,1
-24.451424,69.51035,3,Ponderosa Pine,1,1
8.484272,31.247913,2,Lodgepole Pine,1,0
-0.5275846,30.826132,5,Aspen,1,1
17.446497,36.4616,1,Spruce/Fir,0,0
-36.078148,10.822646,2,Lodgepole Pine,1,0
-16.257675,-35.429455,2,Lodgepole Pine,1,1
55.13319,-29.09729,1,Spruce/Fir,0,0
32.69451,22.634928,2,Lodgepole Pine,0,0
38.52448,48.03518,2,Lodgepole Pine,0,0
30.69447,-27.611128,2,Lodgepole Pine,0,0
24.871141,27.782843,2,Lodgepole Pine,0,0
-22.406225,25.94631,1,Spruce/Fir,1,1
42.02679,21.525002,2,Lodgepole Pine,0,0
4.56437,-48.73738,1,Spruce/Fir,1,1
5.839451,-55.025814,2,Lodgepole Pine,1,1
68.11812,44.434044,2,Lodgepole Pine,0,0
34.41941,48.44378,2,Lodgepole Pine,0,0
-8.571328,-41.672203,2,Lodgepole Pine,1,1
-1.8314947,-62.480194,2,Lodgepole Pine,1,1
-8.581113,-40.083176,2,Lodgepole Pine,1,1
-39.571987,5.02118,1,Spruce/Fir,1,0
54.105656,-30.05035,1,Spruce/Fir,0,0
-52.11573,-48.695694,2,Lodgepole Pine,1,1
-3.91118,40.877155,2,Lodgepole Pine,1,1
-31.954277,52.92809,2,Lodgepole Pine,1,1
25.32473,9.882334,2,Lodgepole Pine,0,0
13.306827,-11.022555,1,Spruce/Fir,0,0
-42.69302,-49.089928,2,Lodgepole Pine,1,1
-36.038883,54.317493,3,Ponderosa Pine,1,1
23.99557,-63.84457,1,Spruce/Fir,0,0
-59.593132,-25.0027,2,Lodgepole Pine,1,1
-5.1910825,31.35962,2,Lodgepole Pine,1,1
70.92973,35.12722,3,Ponderosa Pine,0,0
47.940586,-31.976606,2,Lodgepole Pine,0,0
5.838541,-0.80322605,2,Lodgepole Pine,1,1
-0.20056021,-37.282658,2,Lodgepole Pine,1,1
20.430206,-20.58802,1,Spruce/Fir,0,0
-27.963488,0.8583256,2,Lodgepole Pine,1,1
29.639662,40.00154,2,Lodgepole Pine,0,0
-26.51203,-12.324356,1,Spruce/Fir,1,1
28.212664,53.432274,2,Lodgepole Pine,0,0
-7.9364443,-58.738705,2,Lodgepole Pine,1,1
-23.435593,15.635113,7,Krummholz,1,1
24.5138,40.709396,2,Lodgepole Pine,0,0
27.882072,13.399848,1,Spruce/Fir,0,0
-23.799688,5.5076213,1,Spruce/Fir,1,1
-6.131083,-40.90959,2,Lodgepole Pine,1,1
-22.366846,-45.90034,2,Lodgepole Pine,1,1
-7.2417755,-47.016182,2,Lodgepole Pine,1,1
1.018411,46.152866,2,Lodgepole Pine,1,1
-8.75175,-37.30428,2,Lodgepole Pine,1,1
-41.803425,20.468634,1,Spruce/Fir,1,1
0.87618035,-38.20771,1,Spruce/Fir,1,1
33.67129,-21.054039,2,Lodgepole Pine,0,0
-37.377506,-57.354782,2,Lodgepole Pine,1,1
58.188557,43.68412,6,Douglas-fir,0,0
-35.483685,4.932022,1,Spruce/Fir,1,0
6.2859344,12.326258,2,Lodgepole Pine,1,0
17.94357,-45.867867,2,Lodgepole Pine,0,0
-21.554789,73.774,2,Lodgepole Pine,1,1
-15.069379,-40.879795,1,Spruce/Fir,1,1
-9.258308,55.32907,5,Aspen,1,1
35.798,20.150421,2,Lodgepole Pine,0,0
26.754456,-46.998417,2,Lodgepole Pine,0,0
15.350844,17.777033,2,Lodgepole Pine,0,0
-8.855893,-63.06829,2,Lodgepole Pine,1,1
-7.611661,-18.395567,1,Spruce/Fir,1,1
-34.415924,66.09737,3,Ponderosa Pine,1,1
54.864407,8.252676,1,Spruce/Fir,0,0
8.432029,19.018257,1,Spruce/Fir,1,0
-16.395176,-49.079468,2,Lodgepole Pine,1,1
-9.771028,-10.781215,1,Spruce/Fir,1,1
-42.851162,-23.408264,2,Lodgepole Pine,1,1
-9.342495,-13.041009,2,Lodgepole Pine,1,1
-4.402638,-28.51872,1,Spruce/Fir,1,1
39.846775,-40.79295,2,Lodgepole Pine,0,0
-9.611744,-65.86149,2,Lodgepole Pine,1,1
-4.9226527,-61.387486,1,Spruce/Fir,1,1
54.727848,20.329441,2,Lodgepole Pine,0,0
25.271864,9.68569,2,Lodgepole Pine,0,0
-37.88171,18.196302,2,Lodgepole Pine,1,0
-1.9776399,6.278871,1,Spruce/Fir,1,1
-23.742188,52.25728,2,Lodgepole Pine,1,1
-33.766247,19.662195,2,Lodgepole Pine,1,1
-9.94082,-25.853489,1,Spruce/Fir,1,1
1.4823617,-9.576301,1,Spruce/Fir,1,1
-9.312872,-70.69604,1,Spruce/Fir,1,1
72.018684,43.017704,3,Ponderosa Pine,0,0
-42.7833,-30.481932,2,Lodgepole Pine,1,1
-29.774086,-77.269615,2,Lodgepole Pine,1,1
-3.6017697,-26.688324,2,Lodgepole Pine,1,1
-20.47166,33.230076,1,Spruce/Fir,1,1
-9.069267,-69.12216,2,Lodgepole Pine,1,1
-26.04288,77.4074,3,Ponderosa Pine,1,1
21.743591,-39.257603,2,Lodgepole Pine,0,0
-27.253498,57.685787,2,Lodgepole Pine,1,1
-33.06894,-23.140905,2,Lodgepole Pine,1,0
74.284134,40.56846,3,Ponderosa Pine,0,0
-31.190521,29.40322,1,Spruce/Fir,1,1
-56.135002,-45.963512,2,Lodgepole Pine,1,1
-50.512444,-10.575474,2,Lodgepole Pine,1,1
13.713961,25.188364,1,Spruce/Fir,1,0
0.044206504,44.955612,2,Lodgepole Pine,1,1
41.314632,-1.6170118,1,Spruce/Fir,0,0
-33.271755,74.38638,3,Ponderosa Pine,1,1
11.846578,54.47421,3,Ponderosa Pine,1,1
-43.267765,-16.959164,1,Spruce/Fir,1,1
2.7556505,-43.122826,2,Lodgepole Pine,1,1
16.985209,24.935385,2,Lodgepole Pine,1,0
-51.356846,-42.28293,2,Lodgepole Pine,1,1
-34.603092,-31.395044,2,Lodgepole Pine,1,1
-6.656922,26.311079,2,Lodgepole Pine,1,1
-7.594063,23.115294,1,Spruce/Fir,1,1
6.527322,26.088762,1,Spruce/Fir,1,0
13.516965,27.967682,1,Spruce/Fir,0,0
29.51858,-33.128643,1,Spruce/Fir,0,0
27.24605,44.29628,2,Lodgepole Pine,0,0
29.279877,12.029256,2,Lodgepole Pine,0,0
-47.979454,-6.663427,1,Spruce/Fir,1,1
29.798992,13.509989,1,Spruce/Fir,0,0
-12.762543,-52.679672,1,Spruce/Fir,1,1
52.497093,10.37895,1,Spruce/Fir,0,0
0.49795333,50.597404,6,Douglas-fir,0,0
42.53961,12.645624,1,Spruce/Fir,0,0
13.819994,25.739847,2,Lodgepole Pine,1,0
-6.8437705,-61.986416,2,Lodgepole Pine,1,1
-3.4821086,-21.88161,1,Spruce/Fir,1,1
-18.804707,51.788464,2,Lodgepole Pine,1,1
-30.745388,21.011328,2,Lodgepole Pine,1,1
25.36701,53.706642,2,Lodgepole Pine,0,0
42.567028,10.313594,7,Krummholz,0,0
52.456287,22.45728,1,Spruce/Fir,0,0
-44.281216,-52.640514,2,Lodgepole Pine,1,1
-11.986794,-79.0108,1,Spruce/Fir,1,1
-29.615597,-75.442566,2,Lodgepole Pine,1,1
-29.332588,52.53821,6,Douglas-fir,1,1
34.530212,1.0717758,2,Lodgepole Pine,0,0
29.821548,-0.5747884,1,Spruce/Fir,0,0
26.531488,-49.61711,2,Lodgepole Pine,0,0
-34.60743,30.009655,1,Spruce/Fir,1,1
-18.939936,38.338085,2,Lodgepole Pine,1,1
-17.664948,77.850586,4,Cottonwood/Willow,1,1
-8.615873,9.505793,1,Spruce/Fir,1,1
-17.527704,43.248352,1,Spruce/Fir,1,1
-1.9778562,51.145653,2,Lodgepole Pine,1,1
-37.695515,-6.468168,1,Spruce/Fir,1,1
32.506844,0.72239715,1,Spruce/Fir,0,0
25.39729,39.53921,2,Lodgepole Pine,0,0
20.212383,-54.163857,2,Lodgepole Pine,0,0
41.811527,22.592922,2,Lodgepole Pine,0,0
-15.794246,-67.14957,1,Spruce/Fir,1,1
48.839867,-36.619247,2,Lodgepole Pine,0,0
-26.608128,19.704716,1,Spruce/Fir,1,1
-15.9566,-67.43886,1,Spruce/Fir,1,1
-4.145065,-77.564705,2,Lodgepole Pine,1,1
20.178658,54.686302,2,Lodgepole Pine,0,0
-13.7662945,-65.38099,1,Spruce/Fir,1,1
8.504558,-32.299004,1,Spruce/Fir,1,1
43.30612,-22.36486,2,Lodgepole Pine,0,0
55.76136,10.5463705,1,Spruce/Fir,0,0
-35.33729,36.91495,2,Lodgepole Pine,1,1
21.141392,-39.803905,2,Lodgepole Pine,0,0
-31.192764,53.683884,2,Lodgepole Pine,1,1
-43.02159,-11.657809,2,Lodgepole Pine,1,1
-45.64968,40.95935,2,Lodgepole Pine,1,1
-42.420166,-21.802454,1,Spruce/Fir,1,1
-1.9940037,1.2039233,1,Spruce/Fir,1,1
-46.410664,-24.019493,2,Lodgepole Pine,1,1
-22.631975,22.042019,1,Spruce/Fir,1,1
30.536232,-40.263992,2,Lodgepole Pine,0,0
-53.77679,-50.403046,2,Lodgepole Pine,1,1
-1.4065169,53.144436,2,Lodgepole Pine,1,1
-46.39618,27.167776,1,Spruce/Fir,1,1
-43.768654,-8.844037,1,Spruce/Fir,1,1
-24.29013,-67.70461,5,Aspen,1,1
15.297515,25.571222,2,Lodgepole Pine,1,0
1.1467314,14.652565,1,Spruce/Fir,1,0
29.919506,28.259394,1,Spruce/Fir,0,0
-4.839285,-47.695805,2,Lodgepole Pine,1,1
-46.4149,-48.238087,2,Lodgepole Pine,1,1
28.505247,46.521965,2,Lodgepole Pine,0,0
-42.42421,38.61212,2,Lodgepole Pine,1,1
10.960324,30.348537,7,Krummholz,1,0
8.63558,48.62059,2,Lodgepole Pine,1,1
-39.614403,-51.503605,2,Lodgepole Pine,1,1
50.04353,25.606153,2,Lodgepole Pine,0,0
-1.323659,56.243458,3,Ponderosa Pine,1,1
