model,fpr,tpr,macro_auc
Logistic Regression,0.0,0.0,0.9224955519467072
Logistic Regression,0.005,0.25896122267163996,0.9224955519467072
Logistic Regression,0.01,0.35711646016234194,0.9224955519467072
Logistic Regression,0.015,0.4256746499879219,0.9224955519467072
Logistic Regression,0.02,0.47688841029295614,0.9224955519467072
Logistic Regression,0.025,0.5155452714298171,0.9224955519467072
Logistic Regression,0.03,0.5496452842513327,0.9224955519467072
Logistic Regression,0.035,0.5749164704883228,0.9224955519467072
Logistic Regression,0.04,0.6023687974037782,0.9224955519467072
Logistic Regression,0.045,0.6287848420610106,0.9224955519467072
Logistic Regression,0.05,0.64942585904178,0.9224955519467072
Logistic Regression,0.055,0.6700278424526677,0.9224955519467072
Logistic Regression,0.06,0.6872006601883908,0.9224955519467072
Logistic Regression,0.065,0.7015116352429835,0.9224955519467072
Logistic Regression,0.07,0.7161877782785362,0.9224955519467072
Logistic Regression,0.075,0.7310323413437458,0.9224955519467072
Logistic Regression,0.08,0.744607221760203,0.9224955519467072
Logistic Regression,0.085,0.7551819768698167,0.9224955519467072
Logistic Regression,0.09,0.7658199123133287,0.9224955519467072
Logistic Regression,0.095,0.7735696528646543,0.9224955519467072
Logistic Regression,0.1,0.7809287466821614,0.9224955519467072
Logistic Regression,0.105,0.7862568115772773,0.9224955519467072
Logistic Regression,0.11,0.7918520324069147,0.9224955519467072
Logistic Regression,0.115,0.7995733551430776,0.9224955519467072
Logistic Regression,0.12,0.8066088503329604,0.9224955519467072
Logistic Regression,0.125,0.8137200412757118,0.9224955519467072
Logistic Regression,0.13,0.8198308645915985,0.9224955519467072
Logistic Regression,0.135,0.825153471957475,0.9224955519467072
Logistic Regression,0.14,0.831053884643601,0.9224955519467072
Logistic Regression,0.145,0.836833870077083,0.9224955519467072
Logistic Regression,0.15,0.8420922490500272,0.9224955519467072
Logistic Regression,0.155,0.8475249612002286,0.9224955519467072
Logistic Regression,0.16,0.8527091615197638,0.9224955519467072
Logistic Regression,0.165,0.8574910062484904,0.9224955519467072
Logistic Regression,0.17,0.862733634341125,0.9224955519467072
Logistic Regression,0.17500000000000002,0.8660300391990089,0.9224955519467072
Logistic Regression,0.18,0.8708269969788092,0.9224955519467072
Logistic Regression,0.185,0.8753846267537166,0.9224955519467072
Logistic Regression,0.19,0.8788219137913107,0.9224955519467072
Logistic Regression,0.195,0.8816470009194933,0.9224955519467072
Logistic Regression,0.2,0.886036306852737,0.9224955519467072
Logistic Regression,0.20500000000000002,0.8903928161703638,0.9224955519467072
Logistic Regression,0.21,0.8937328614294395,0.9224955519467072
Logistic Regression,0.215,0.8966631872015649,0.9224955519467072
Logistic Regression,0.22,0.899590059288796,0.9224955519467072
Logistic Regression,0.225,0.9022084555012089,0.9224955519467072
Logistic Regression,0.23,0.9042679591569069,0.9224955519467072
Logistic Regression,0.23500000000000001,0.9070327580847806,0.9224955519467072
Logistic Regression,0.24,0.909563915094732,0.9224955519467072
Logistic Regression,0.245,0.9114084300799788,0.9224955519467072
Logistic Regression,0.25,0.9140058220018644,0.9224955519467072
Logistic Regression,0.255,0.9160799562971494,0.9224955519467072
Logistic Regression,0.26,0.9182478127865664,0.9224955519467072
Logistic Regression,0.265,0.9203598924770724,0.9224955519467072
Logistic Regression,0.27,0.9222895086594758,0.9224955519467072
Logistic Regression,0.275,0.9237266261782062,0.9224955519467072
Logistic Regression,0.28,0.9250283363830339,0.9224955519467072
Logistic Regression,0.28500000000000003,0.9267191937904712,0.9224955519467072
Logistic Regression,0.29,0.9285889016078112,0.9224955519467072
Logistic Regression,0.295,0.9301602361663235,0.9224955519467072
Logistic Regression,0.3,0.9313366388985636,0.9224955519467072
Logistic Regression,0.305,0.9324742215502946,0.9224955519467072
Logistic Regression,0.31,0.9340095907899951,0.9224955519467072
Logistic Regression,0.315,0.9352714796026762,0.9224955519467072
Logistic Regression,0.32,0.9369592707390672,0.9224955519467072
Logistic Regression,0.325,0.93803908092693,0.9224955519467072
Logistic Regression,0.33,0.9395072669034986,0.9224955519467072
Logistic Regression,0.335,0.9405583621631509,0.9224955519467072
Logistic Regression,0.34,0.9420381051177432,0.9224955519467072
Logistic Regression,0.34500000000000003,0.9432249995329011,0.9224955519467072
Logistic Regression,0.35000000000000003,0.9446328922611216,0.9224955519467072
Logistic Regression,0.355,0.9458375201195689,0.9224955519467072
Logistic Regression,0.36,0.9467804658568204,0.9224955519467072
Logistic Regression,0.365,0.948763850903876,0.9224955519467072
Logistic Regression,0.37,0.9496713027359348,0.9224955519467072
Logistic Regression,0.375,0.9506166020028138,0.9224955519467072
Logistic Regression,0.38,0.9517043544231657,0.9224955519467072
Logistic Regression,0.385,0.9527321005180533,0.9224955519467072
Logistic Regression,0.39,0.9540208552806334,0.9224955519467072
Logistic Regression,0.395,0.954979881403664,0.9224955519467072
Logistic Regression,0.4,0.9562033350191205,0.9224955519467072
Logistic Regression,0.405,0.9574511051340472,0.9224955519467072
Logistic Regression,0.41000000000000003,0.9587627902011752,0.9224955519467072
Logistic Regression,0.41500000000000004,0.9596671048204007,0.9224955519467072
Logistic Regression,0.42,0.960817315056245,0.9224955519467072
Logistic Regression,0.425,0.961981252148241,0.9224955519467072
Logistic Regression,0.43,0.9628802719458074,0.9224955519467072
Logistic Regression,0.435,0.9634912212049809,0.9224955519467072
Logistic Regression,0.44,0.9642218892338806,0.9224955519467072
Logistic Regression,0.445,0.9650205058207336,0.9224955519467072
Logistic Regression,0.45,0.965653320089349,0.9224955519467072
Logistic Regression,0.455,0.9664354644488201,0.9224955519467072
Logistic Regression,0.46,0.9673455636917084,0.9224955519467072
Logistic Regression,0.465,0.968100646180479,0.9224955519467072
Logistic Regression,0.47000000000000003,0.9688206266056597,0.9224955519467072
Logistic Regression,0.47500000000000003,0.9699490697924629,0.9224955519467072
Logistic Regression,0.48,0.9707070935732653,0.9224955519467072
Logistic Regression,0.485,0.9715601277827212,0.9224955519467072
Logistic Regression,0.49,0.9723343299097033,0.9224955519467072
Logistic Regression,0.495,0.973046074221193,0.9224955519467072
Logistic Regression,0.5,0.9737006555388495,0.9224955519467072
Logistic Regression,0.505,0.9743416079607552,0.9224955519467072
Logistic Regression,0.51,0.97499324798638,0.9224955519467072
Logistic Regression,0.515,0.9756830293280271,0.9224955519467072
Logistic Regression,0.52,0.9763214322995039,0.9224955519467072
Logistic Regression,0.525,0.9769678754638702,0.9224955519467072
Logistic Regression,0.53,0.9774565565028883,0.9224955519467072
Logistic Regression,0.535,0.977953669576399,0.9224955519467072
Logistic Regression,0.54,0.9784997095300518,0.9224955519467072
Logistic Regression,0.545,0.979023786513862,0.9224955519467072
Logistic Regression,0.55,0.9794340273120096,0.9224955519467072
Logistic Regression,0.555,0.9800287982250032,0.9224955519467072
Logistic Regression,0.56,0.9806641619440474,0.9224955519467072
Logistic Regression,0.5650000000000001,0.9812560895254101,0.9224955519467072
Logistic Regression,0.5700000000000001,0.981761340752211,0.9224955519467072
Logistic Regression,0.5750000000000001,0.9822204104700999,0.9224955519467072
Logistic Regression,0.58,0.9827664504237527,0.9224955519467072
Logistic Regression,0.585,0.983282683135475,0.9224955519467072
Logistic Regression,0.59,0.9838176436438059,0.9224955519467072
Logistic Regression,0.595,0.9842657318767734,0.9224955519467072
Logistic Regression,0.6,0.9847166634413721,0.9224955519467072
Logistic Regression,0.605,0.9852654487662553,0.9224955519467072
Logistic Regression,0.61,0.9858112927991067,0.9224955519467072
Logistic Regression,0.615,0.9861779015387712,0.9224955519467072
Logistic Regression,0.62,0.9866829568447706,0.9224955519467072
Logistic Regression,0.625,0.987044172802375,0.9224955519467072
Logistic Regression,0.63,0.9875220682772733,0.9224955519467072
Logistic Regression,0.635,0.988059970077636,0.9224955519467072
Logistic Regression,0.64,0.9886139522637778,0.9224955519467072
Logistic Regression,0.645,0.9891190075697772,0.9224955519467072
Logistic Regression,0.65,0.9895940597130445,0.9224955519467072
Logistic Regression,0.655,0.9901209800284858,0.9224955519467072
Logistic Regression,0.66,0.990688689070779,0.9224955519467072
Logistic Regression,0.665,0.9912480640389807,0.9224955519467072
Logistic Regression,0.67,0.9916256542635663,0.9224955519467072
Logistic Regression,0.675,0.9919898115132025,0.9224955519467072
Logistic Regression,0.68,0.9923076892935262,0.9224955519467072
Logistic Regression,0.685,0.9926282144846793,0.9224955519467072
Logistic Regression,0.6900000000000001,0.9929950191451452,0.9224955519467072
Logistic Regression,0.6950000000000001,0.9933616278848094,0.9224955519467072
Logistic Regression,0.7000000000000001,0.9936304808245902,0.9224955519467072
Logistic Regression,0.705,0.9940053256779454,0.9224955519467072
Logistic Regression,0.71,0.9944455696388249,0.9224955519467072
Logistic Regression,0.715,0.9948313959771016,0.9224955519467072
Logistic Regression,0.72,0.9951627067323747,0.9224955519467072
Logistic Regression,0.725,0.9954668576565465,0.9224955519467072
Logistic Regression,0.73,0.9958388591782709,0.9224955519467072
Logistic Regression,0.735,0.9961023193359916,0.9224955519467072
Logistic Regression,0.74,0.9963957826564444,0.9224955519467072
Logistic Regression,0.745,0.996623846869373,0.9224955519467072
Logistic Regression,0.75,0.9968547544139327,0.9224955519467072
Logistic Regression,0.755,0.9971126258687919,0.9224955519467072
Logistic Regression,0.76,0.997321864324711,0.9224955519467072
Logistic Regression,0.765,0.9975092377711884,0.9224955519467072
Logistic Regression,0.77,0.9976614111936751,0.9224955519467072
Logistic Regression,0.775,0.9978162320269914,0.9224955519467072
Logistic Regression,0.78,0.9979194785693358,0.9224955519467072
Logistic Regression,0.785,0.9980879282984031,0.9224955519467072
Logistic Regression,0.79,0.9981830366874572,0.9224955519467072
Logistic Regression,0.795,0.9983323667783128,0.9224955519467072
Logistic Regression,0.8,0.9984709113050486,0.9224955519467072
Logistic Regression,0.805,0.9985769032186234,0.9224955519467072
Logistic Regression,0.81,0.9986637754939867,0.9224955519467072
Logistic Regression,0.8150000000000001,0.9987426075764603,0.9224955519467072
Logistic Regression,0.8200000000000001,0.9988431087475743,0.9224955519467072
Logistic Regression,0.8250000000000001,0.9989353738049976,0.9224955519467072
Logistic Regression,0.8300000000000001,0.9990141079270705,0.9224955519467072
Logistic Regression,0.835,0.9990983327916041,0.9224955519467072
Logistic Regression,0.84,0.9991989319231188,0.9224955519467072
Logistic Regression,0.845,0.9993049238366937,0.9224955519467072
Logistic Regression,0.85,0.9993728723946467,0.9224955519467072
Logistic Regression,0.855,0.9994733735657608,0.9224955519467072
Logistic Regression,0.86,0.9995766201081053,0.9224955519467072
Logistic Regression,0.865,0.9996554521905789,0.9224955519467072
Logistic Regression,0.87,0.9996961429570302,0.9224955519467072
Logistic Regression,0.875,0.9997124192636108,0.9224955519467072
Logistic Regression,0.88,0.9997368337234815,0.9224955519467072
Logistic Regression,0.885,0.9997612481833523,0.9224955519467072
Logistic Regression,0.89,0.9997775244899328,0.9224955519467072
Logistic Regression,0.895,0.9998046843210339,0.9224955519467072
Logistic Regression,0.9,0.9998128224743242,0.9224955519467072
Logistic Regression,0.905,0.9998535132407754,0.9224955519467072
Logistic Regression,0.91,0.9998860658539365,0.9224955519467072
Logistic Regression,0.915,0.999902342160517,0.9224955519467072
Logistic Regression,0.92,0.9999267566203878,0.9224955519467072
Logistic Regression,0.925,0.9999348947736779,0.9224955519467072
Logistic Regression,0.93,0.9999430329269682,0.9224955519467072
Logistic Regression,0.935,0.9999511710802584,0.9224955519467072
Logistic Regression,0.9400000000000001,0.9999511710802584,0.9224955519467072
Logistic Regression,0.9450000000000001,0.9999837236934195,0.9224955519467072
Logistic Regression,0.9500000000000001,0.9999837236934195,0.9224955519467072
Logistic Regression,0.9550000000000001,1.0,0.9224955519467072
Logistic Regression,0.96,1.0,0.9224955519467072
Logistic Regression,0.965,1.0,0.9224955519467072
Logistic Regression,0.97,1.0,0.9224955519467072
Logistic Regression,0.975,1.0,0.9224955519467072
Logistic Regression,0.98,1.0,0.9224955519467072
Logistic Regression,0.985,1.0,0.9224955519467072
Logistic Regression,0.99,1.0,0.9224955519467072
Logistic Regression,0.995,1.0,0.9224955519467072
Logistic Regression,1.0,1.0,0.9224955519467072
Decision Tree,0.0,0.0,0.9417594686286175
Decision Tree,0.005,0.4841604184833285,0.9417594686286175
Decision Tree,0.01,0.5930802619411398,0.9417594686286175
Decision Tree,0.015,0.6616653482369296,0.9417594686286175
Decision Tree,0.02,0.7197394823600411,0.9417594686286175
Decision Tree,0.025,0.7595464853906861,0.9417594686286175
Decision Tree,0.03,0.7838328661939669,0.9417594686286175
Decision Tree,0.035,0.8040446421527926,0.9417594686286175
Decision Tree,0.04,0.819157304214434,0.9417594686286175
Decision Tree,0.045,0.831189361168959,0.9417594686286175
Decision Tree,0.05,0.8422634472011297,0.9417594686286175
Decision Tree,0.055,0.849125314669072,0.9417594686286175
Decision Tree,0.06,0.853428843247401,0.9417594686286175
Decision Tree,0.065,0.8567898062488739,0.9417594686286175
Decision Tree,0.07,0.8607285259426999,0.9417594686286175
Decision Tree,0.075,0.8647597811673888,0.9417594686286175
Decision Tree,0.08,0.8676383493879,0.9417594686286175
Decision Tree,0.085,0.8705528553498229,0.9417594686286175
Decision Tree,0.09,0.873045247452283,0.9417594686286175
Decision Tree,0.095,0.8757691378327676,0.9417594686286175
Decision Tree,0.1,0.8785865361905228,0.9417594686286175
Decision Tree,0.105,0.8810835928883439,0.9417594686286175
Decision Tree,0.11,0.8832019705453317,0.9417594686286175
Decision Tree,0.115,0.8853642583864556,0.9417594686286175
Decision Tree,0.12,0.8876905965693686,0.9417594686286175
Decision Tree,0.125,0.8901235208191377,0.9417594686286175
Decision Tree,0.13,0.892072739628672,0.9417594686286175
Decision Tree,0.135,0.8938911803728188,0.9417594686286175
Decision Tree,0.14,0.8953057149262257,0.9417594686286175
Decision Tree,0.145,0.8968606920910227,0.9417594686286175
Decision Tree,0.15,0.8985810856163051,0.9417594686286175
Decision Tree,0.155,0.9001453224177204,0.9417594686286175
Decision Tree,0.16,0.902262386070797,0.9417594686286175
Decision Tree,0.165,0.9043929681149514,0.9417594686286175
Decision Tree,0.17,0.9061744705617357,0.9417594686286175
Decision Tree,0.17500000000000002,0.9075145988666006,0.9417594686286175
Decision Tree,0.18,0.9088164411922317,0.9417594686286175
Decision Tree,0.185,0.910496513310483,0.9417594686286175
Decision Tree,0.19,0.9115777851006742,0.9417594686286175
Decision Tree,0.195,0.9129100063890213,0.9417594686286175
Decision Tree,0.2,0.9148268284511111,0.9417594686286175
Decision Tree,0.20500000000000002,0.9161707021439083,0.9417594686286175
Decision Tree,0.21,0.9174895788027355,0.9417594686286175
Decision Tree,0.215,0.9185956565055865,0.9417594686286175
Decision Tree,0.22,0.9200446871883553,0.9417594686286175
Decision Tree,0.225,0.9213014722974526,0.9417594686286175
Decision Tree,0.23,0.9223582308658909,0.9417594686286175
Decision Tree,0.23500000000000001,0.9236192926346156,0.9417594686286175
Decision Tree,0.24,0.9245437476154355,0.9417594686286175
Decision Tree,0.245,0.9263153080127554,0.9417594686286175
Decision Tree,0.25,0.927887633184954,0.9417594686286175
Decision Tree,0.255,0.92892916616979,0.9417594686286175
Decision Tree,0.26,0.9299913957915457,0.9417594686286175
Decision Tree,0.265,0.9311189307333467,0.9417594686286175
Decision Tree,0.27,0.9327450964582942,0.9417594686286175
Decision Tree,0.275,0.9338710962967803,0.9417594686286175
Decision Tree,0.28,0.9345248935657869,0.9417594686286175
Decision Tree,0.28500000000000003,0.935305185997844,0.9417594686286175
Decision Tree,0.29,0.9360341680860881,0.9417594686286175
Decision Tree,0.295,0.9370909101395117,0.9417594686286175
Decision Tree,0.3,0.9384347650564798,0.9417594686286175
Decision Tree,0.305,0.9395876006891225,0.9417594686286175
Decision Tree,0.31,0.9407321355408618,0.9417594686286175
Decision Tree,0.315,0.9416606555324262,0.9417594686286175
Decision Tree,0.32,0.9424771783393062,0.9417594686286175
Decision Tree,0.325,0.9435960721172716,0.9417594686286175
Decision Tree,0.33,0.9445037825953022,0.9417594686286175
Decision Tree,0.335,0.9452702732634517,0.9417594686286175
Decision Tree,0.34,0.9461447350917913,0.9417594686286175
Decision Tree,0.34500000000000003,0.9470775439571881,0.9417594686286175
Decision Tree,0.35000000000000003,0.9479743096964223,0.9417594686286175
Decision Tree,0.355,0.948475266546588,0.9417594686286175
Decision Tree,0.36,0.9490161054013428,0.9417594686286175
Decision Tree,0.365,0.949608920297833,0.9417594686286175
Decision Tree,0.37,0.9502264368522921,0.9417594686286175
Decision Tree,0.375,0.951266634335495,0.9417594686286175
Decision Tree,0.38,0.9523886652932273,0.9417594686286175
Decision Tree,0.385,0.9528191542727354,0.9417594686286175
Decision Tree,0.39,0.9536374412745116,0.9417594686286175
Decision Tree,0.395,0.9540940743798051,0.9417594686286175
Decision Tree,0.4,0.9546197875361562,0.9417594686286175
Decision Tree,0.405,0.9552467097261531,0.9417594686286175
Decision Tree,0.41000000000000003,0.9556806223449169,0.9417594686286175
Decision Tree,0.41500000000000004,0.9563058478638881,0.9417594686286175
Decision Tree,0.42,0.9568298270387141,0.9417594686286175
Decision Tree,0.425,0.9573369766690389,0.9417594686286175
Decision Tree,0.43,0.9578204588802308,0.9417594686286175
Decision Tree,0.435,0.9583275751232601,0.9417594686286175
Decision Tree,0.44,0.9588711611439008,0.9417594686286175
Decision Tree,0.445,0.9594249704935527,0.9417594686286175
Decision Tree,0.45,0.9599138663156043,0.9417594686286175
Decision Tree,0.455,0.9604264622485157,0.9417594686286175
Decision Tree,0.46,0.9608619084882353,0.9417594686286175
Decision Tree,0.465,0.9612917394021848,0.9417594686286175
Decision Tree,0.47000000000000003,0.9616749574256793,0.9417594686286175
Decision Tree,0.47500000000000003,0.9620365144310974,0.9417594686286175
Decision Tree,0.48,0.9623980714365157,0.9417594686286175
Decision Tree,0.485,0.9627596284419339,0.9417594686286175
Decision Tree,0.49,0.9631211854473519,0.9417594686286175
Decision Tree,0.495,0.96348274245277,0.9417594686286175
Decision Tree,0.5,0.9638442994581881,0.9417594686286175
Decision Tree,0.505,0.9642058564636062,0.9417594686286175
Decision Tree,0.51,0.9645674134690243,0.9417594686286175
Decision Tree,0.515,0.9649289704744424,0.9417594686286175
Decision Tree,0.52,0.9652905274798605,0.9417594686286175
Decision Tree,0.525,0.9656520844852786,0.9417594686286175
Decision Tree,0.53,0.9660136414906967,0.9417594686286175
Decision Tree,0.535,0.9663751984961149,0.9417594686286175
Decision Tree,0.54,0.966736755501533,0.9417594686286175
Decision Tree,0.545,0.9670983125069511,0.9417594686286175
Decision Tree,0.55,0.9674598695123693,0.9417594686286175
Decision Tree,0.555,0.9678214265177874,0.9417594686286175
Decision Tree,0.56,0.9681829835232055,0.9417594686286175
Decision Tree,0.5650000000000001,0.9685445405286236,0.9417594686286175
Decision Tree,0.5700000000000001,0.9689060975340418,0.9417594686286175
Decision Tree,0.5750000000000001,0.96926765453946,0.9417594686286175
Decision Tree,0.58,0.9696292115448778,0.9417594686286175
Decision Tree,0.585,0.9699907685502962,0.9417594686286175
Decision Tree,0.59,0.9703523255557143,0.9417594686286175
Decision Tree,0.595,0.9707138825611324,0.9417594686286175
Decision Tree,0.6,0.9710754395665504,0.9417594686286175
Decision Tree,0.605,0.9714369965719687,0.9417594686286175
Decision Tree,0.61,0.9717985535773866,0.9417594686286175
Decision Tree,0.615,0.9721601105828047,0.9417594686286175
Decision Tree,0.62,0.9725216675882228,0.9417594686286175
Decision Tree,0.625,0.9728832245936411,0.9417594686286175
Decision Tree,0.63,0.9732447815990592,0.9417594686286175
Decision Tree,0.635,0.9736063386044773,0.9417594686286175
Decision Tree,0.64,0.9739678956098955,0.9417594686286175
Decision Tree,0.645,0.9743294526153135,0.9417594686286175
Decision Tree,0.65,0.9746910096207316,0.9417594686286175
Decision Tree,0.655,0.9750525666261496,0.9417594686286175
Decision Tree,0.66,0.9754141236315679,0.9417594686286175
Decision Tree,0.665,0.9757756806369862,0.9417594686286175
Decision Tree,0.67,0.9761372376424042,0.9417594686286175
Decision Tree,0.675,0.9764987946478222,0.9417594686286175
Decision Tree,0.68,0.9768603516532404,0.9417594686286175
Decision Tree,0.685,0.9772219086586584,0.9417594686286175
Decision Tree,0.6900000000000001,0.9775834656640765,0.9417594686286175
Decision Tree,0.6950000000000001,0.9779450226694948,0.9417594686286175
Decision Tree,0.7000000000000001,0.978306579674913,0.9417594686286175
Decision Tree,0.705,0.978668136680331,0.9417594686286175
Decision Tree,0.71,0.9790296936857491,0.9417594686286175
Decision Tree,0.715,0.9793912506911672,0.9417594686286175
Decision Tree,0.72,0.9797528076965853,0.9417594686286175
Decision Tree,0.725,0.9801143647020034,0.9417594686286175
Decision Tree,0.73,0.9804759217074215,0.9417594686286175
Decision Tree,0.735,0.9808374787128397,0.9417594686286175
Decision Tree,0.74,0.9811990357182578,0.9417594686286175
Decision Tree,0.745,0.981560592723676,0.9417594686286175
Decision Tree,0.75,0.981922149729094,0.9417594686286175
Decision Tree,0.755,0.9822837067345122,0.9417594686286175
Decision Tree,0.76,0.9826452637399302,0.9417594686286175
Decision Tree,0.765,0.9830068207453486,0.9417594686286175
Decision Tree,0.77,0.9833683777507665,0.9417594686286175
Decision Tree,0.775,0.9837299347561846,0.9417594686286175
Decision Tree,0.78,0.9840914917616027,0.9417594686286175
Decision Tree,0.785,0.9844530487670209,0.9417594686286175
Decision Tree,0.79,0.9848146057724391,0.9417594686286175
Decision Tree,0.795,0.9851761627778571,0.9417594686286175
Decision Tree,0.8,0.985537719783275,0.9417594686286175
Decision Tree,0.805,0.9858992767886933,0.9417594686286175
Decision Tree,0.81,0.9862608337941114,0.9417594686286175
Decision Tree,0.8150000000000001,0.9866223907995296,0.9417594686286175
Decision Tree,0.8200000000000001,0.9869839478049478,0.9417594686286175
Decision Tree,0.8250000000000001,0.9873455048103658,0.9417594686286175
Decision Tree,0.8300000000000001,0.9877070618157839,0.9417594686286175
Decision Tree,0.835,0.9880686188212019,0.9417594686286175
Decision Tree,0.84,0.9884301758266201,0.9417594686286175
Decision Tree,0.845,0.9887917328320384,0.9417594686286175
Decision Tree,0.85,0.9891532898374564,0.9417594686286175
Decision Tree,0.855,0.9895148468428746,0.9417594686286175
Decision Tree,0.86,0.9898764038482926,0.9417594686286175
Decision Tree,0.865,0.9902379608537106,0.9417594686286175
Decision Tree,0.87,0.9905995178591288,0.9417594686286175
Decision Tree,0.875,0.990961074864547,0.9417594686286175
Decision Tree,0.88,0.9913226318699653,0.9417594686286175
Decision Tree,0.885,0.9916841888753833,0.9417594686286175
Decision Tree,0.89,0.9920457458808015,0.9417594686286175
Decision Tree,0.895,0.9924073028862195,0.9417594686286175
Decision Tree,0.9,0.9927688598916375,0.9417594686286175
Decision Tree,0.905,0.9931304168970556,0.9417594686286175
Decision Tree,0.91,0.9934919739024739,0.9417594686286175
Decision Tree,0.915,0.9938535309078922,0.9417594686286175
Decision Tree,0.92,0.9942150879133103,0.9417594686286175
Decision Tree,0.925,0.9945766449187282,0.9417594686286175
Decision Tree,0.93,0.9949382019241463,0.9417594686286175
Decision Tree,0.935,0.9952997589295645,0.9417594686286175
Decision Tree,0.9400000000000001,0.9956613159349825,0.9417594686286175
Decision Tree,0.9450000000000001,0.9960228729404008,0.9417594686286175
Decision Tree,0.9500000000000001,0.996384429945819,0.9417594686286175
Decision Tree,0.9550000000000001,0.996745986951237,0.9417594686286175
Decision Tree,0.96,0.9971075439566551,0.9417594686286175
Decision Tree,0.965,0.9974691009620732,0.9417594686286175
Decision Tree,0.97,0.9978306579674913,0.9417594686286175
Decision Tree,0.975,0.9981922149729093,0.9417594686286175
Decision Tree,0.98,0.9985537719783275,0.9417594686286175
Decision Tree,0.985,0.9989153289837456,0.9417594686286175
Decision Tree,0.99,0.9992768859891638,0.9417594686286175
Decision Tree,0.995,0.9996384429945818,0.9417594686286175
Decision Tree,1.0,1.0,0.9417594686286175
Random Forest,0.0,0.0,0.9893303319625018
Random Forest,0.005,0.7612973181110317,0.9893303319625018
Random Forest,0.01,0.8396349579201372,0.9893303319625018
Random Forest,0.015,0.8831354662787867,0.9893303319625018
Random Forest,0.02,0.9065112441321233,0.9893303319625018
Random Forest,0.025,0.9209216642551707,0.9893303319625018
Random Forest,0.03,0.932827993999618,0.9893303319625018
Random Forest,0.035,0.9405944505673849,0.9893303319625018
Random Forest,0.04,0.9485380404602723,0.9893303319625018
Random Forest,0.045,0.9542518216080553,0.9893303319625018
Random Forest,0.05,0.9591397693127345,0.9893303319625018
Random Forest,0.055,0.9624577663113458,0.9893303319625018
Random Forest,0.06,0.9659149591503674,0.9893303319625018
Random Forest,0.065,0.9681647840706947,0.9893303319625018
Random Forest,0.07,0.9704611975230473,0.9893303319625018
Random Forest,0.075,0.972596794416109,0.9893303319625018
Random Forest,0.08,0.973840459983497,0.9893303319625018
Random Forest,0.085,0.9759626648620209,0.9893303319625018
Random Forest,0.09,0.9773130080657888,0.9893303319625018
Random Forest,0.095,0.9787047154895111,0.9893303319625018
Random Forest,0.1,0.9803242071615967,0.9893303319625018
Random Forest,0.105,0.9814672805557885,0.9893303319625018
Random Forest,0.11,0.9827070104778256,0.9893303319625018
Random Forest,0.115,0.9840147869182166,0.9893303319625018
Random Forest,0.12,0.9847482003183468,0.9893303319625018
Random Forest,0.125,0.985459559746552,0.9893303319625018
Random Forest,0.13,0.9862893427516439,0.9893303319625018
Random Forest,0.135,0.9869278436835213,0.9893303319625018
Random Forest,0.14,0.9874221134254009,0.9893303319625018
Random Forest,0.145,0.9880498287931585,0.9893303319625018
Random Forest,0.15,0.988633912102433,0.9893303319625018
Random Forest,0.155,0.9890278765939999,0.9893303319625018
Random Forest,0.16,0.9900814942854671,0.9893303319625018
Random Forest,0.165,0.9905296804788356,0.9893303319625018
Random Forest,0.17,0.9909834553750654,0.9893303319625018
Random Forest,0.17500000000000002,0.9913039805662185,0.9893303319625018
Random Forest,0.18,0.991705985250675,0.9893303319625018
Random Forest,0.185,0.9920619063866202,0.9893303319625018
Random Forest,0.19,0.9923715480532528,0.9893303319625018
Random Forest,0.195,0.992632262839743,0.9893303319625018
Random Forest,0.2,0.9929499446992651,0.9893303319625018
Random Forest,0.20500000000000002,0.9931509470414934,0.9893303319625018
Random Forest,0.21,0.9936357903955614,0.9893303319625018
Random Forest,0.215,0.9938014947533983,0.9893303319625018
Random Forest,0.22,0.9939943589423362,0.9893303319625018
Random Forest,0.225,0.9941736921959239,0.9893303319625018
Random Forest,0.23,0.9943719491669218,0.9893303319625018
Random Forest,0.23500000000000001,0.9946734526802642,0.9893303319625018
Random Forest,0.24,0.9949016148535935,0.9893303319625018
Random Forest,0.245,0.9951353657297842,0.9893303319625018
Random Forest,0.25,0.9952765576673496,0.9893303319625018
Random Forest,0.255,0.9956960998742941,0.9893303319625018
Random Forest,0.26,0.9958211134656796,0.9893303319625018
Random Forest,0.265,0.995891807394863,0.9893303319625018
Random Forest,0.27,0.9959895631947467,0.9893303319625018
Random Forest,0.275,0.9961226169790219,0.9893303319625018
Random Forest,0.28,0.9962204707393064,0.9893303319625018
Random Forest,0.28500000000000003,0.9964051967749541,0.9893303319625018
Random Forest,0.29,0.9965003051640083,0.9893303319625018
Random Forest,0.295,0.9966253187553938,0.9893303319625018
Random Forest,0.3,0.9967558230892403,0.9893303319625018
Random Forest,0.305,0.9969052511404966,0.9893303319625018
Random Forest,0.31,0.9970003595295507,0.9893303319625018
Random Forest,0.315,0.9971470422095768,0.9893303319625018
Random Forest,0.32,0.9972177361387601,0.9893303319625018
Random Forest,0.325,0.9973209826811046,0.9893303319625018
Random Forest,0.33,0.9974214838522187,0.9893303319625018
Random Forest,0.335,0.9975247303945631,0.9893303319625018
Random Forest,0.34,0.997570911903475,0.9893303319625018
Random Forest,0.34500000000000003,0.9976469986147184,0.9893303319625018
Random Forest,0.35000000000000003,0.9977394595929431,0.9893303319625018
Random Forest,0.355,0.9977910338839148,0.9893303319625018
Random Forest,0.36,0.9978752587484484,0.9893303319625018
Random Forest,0.365,0.9979405598955718,0.9893303319625018
Random Forest,0.37,0.9979595815733828,0.9893303319625018
Random Forest,0.375,0.9979976249290045,0.9893303319625018
Random Forest,0.38,0.9981036168425792,0.9893303319625018
Random Forest,0.385,0.9981307766736803,0.9893303319625018
Random Forest,0.39,0.9981878417071128,0.9893303319625018
Random Forest,0.395,0.998274713982476,0.9893303319625018
Random Forest,0.4,0.9983262882734479,0.9893303319625018
Random Forest,0.405,0.9983914914601707,0.9893303319625018
Random Forest,0.41000000000000003,0.9984322801870226,0.9893303319625018
Random Forest,0.41500000000000004,0.9985002287449757,0.9893303319625018
Random Forest,0.42,0.9986388712321121,0.9893303319625018
Random Forest,0.425,0.9986823073697939,0.9893303319625018
Random Forest,0.43,0.9987800631696776,0.9893303319625018
Random Forest,0.435,0.9987990848474885,0.9893303319625018
Random Forest,0.44,0.9988480117276307,0.9893303319625018
Random Forest,0.445,0.9988642880342111,0.9893303319625018
Random Forest,0.45,0.9989132149143535,0.9893303319625018
Random Forest,0.455,0.998943120116685,0.9893303319625018
Random Forest,0.46,0.9990083233034076,0.9893303319625018
Random Forest,0.465,0.9990545048123195,0.9893303319625018
Random Forest,0.47000000000000003,0.9991170605882127,0.9893303319625018
Random Forest,0.47500000000000003,0.9991904019282257,0.9893303319625018
Random Forest,0.48,0.9992175617593269,0.9893303319625018
Random Forest,0.485,0.9992256999126171,0.9893303319625018
Random Forest,0.49,0.9992637432682387,0.9893303319625018
Random Forest,0.495,0.999312670148381,0.9893303319625018
Random Forest,0.5,0.9993316918261919,0.9893303319625018
Random Forest,0.505,0.9993724805530438,0.9893303319625018
Random Forest,0.51,0.9993833640775645,0.9893303319625018
Random Forest,0.515,0.9994023857553752,0.9893303319625018
Random Forest,0.52,0.9994132692798958,0.9893303319625018
Random Forest,0.525,0.999435036328937,0.9893303319625018
Random Forest,0.53,0.9994459198534577,0.9893303319625018
Random Forest,0.535,0.9994649415312684,0.9893303319625018
Random Forest,0.54,0.9994867085803095,0.9893303319625018
Random Forest,0.545,0.9995166137826411,0.9893303319625018
Random Forest,0.55,0.9995274973071615,0.9893303319625018
Random Forest,0.555,0.9995546571382626,0.9893303319625018
Random Forest,0.56,0.9995655406627834,0.9893303319625018
Random Forest,0.5650000000000001,0.9995764241873039,0.9893303319625018
Random Forest,0.5700000000000001,0.9995927004938844,0.9893303319625018
Random Forest,0.5750000000000001,0.9996198603249855,0.9893303319625018
Random Forest,0.58,0.9996551583093768,0.9893303319625018
Random Forest,0.585,0.9996850635117082,0.9893303319625018
Random Forest,0.59,0.9997203614960996,0.9893303319625018
Random Forest,0.595,0.9997203614960996,0.9893303319625018
Random Forest,0.6,0.9997284996493898,0.9893303319625018
Random Forest,0.605,0.9997284996493898,0.9893303319625018
Random Forest,0.61,0.9997284996493898,0.9893303319625018
Random Forest,0.615,0.9997366378026801,0.9893303319625018
Random Forest,0.62,0.9997610522625509,0.9893303319625018
Random Forest,0.625,0.9997909574648823,0.9893303319625018
Random Forest,0.63,0.9998018409894028,0.9893303319625018
Random Forest,0.635,0.9998099791426931,0.9893303319625018
Random Forest,0.64,0.9998181172959834,0.9893303319625018
Random Forest,0.645,0.9998262554492736,0.9893303319625018
Random Forest,0.65,0.9998343936025639,0.9893303319625018
Random Forest,0.655,0.9998696915869552,0.9893303319625018
Random Forest,0.66,0.9998696915869552,0.9893303319625018
Random Forest,0.665,0.9998778297402454,0.9893303319625018
Random Forest,0.67,0.9998778297402454,0.9893303319625018
Random Forest,0.675,0.9998859678935358,0.9893303319625018
Random Forest,0.68,0.9998941060468259,0.9893303319625018
Random Forest,0.685,0.9999022442001161,0.9893303319625018
Random Forest,0.6900000000000001,0.9999103823534065,0.9893303319625018
Random Forest,0.6950000000000001,0.9999185205066967,0.9893303319625018
Random Forest,0.7000000000000001,0.9999185205066967,0.9893303319625018
Random Forest,0.705,0.9999185205066967,0.9893303319625018
Random Forest,0.71,0.9999185205066967,0.9893303319625018
Random Forest,0.715,0.9999185205066967,0.9893303319625018
Random Forest,0.72,0.9999266586599871,0.9893303319625018
Random Forest,0.725,0.9999266586599871,0.9893303319625018
Random Forest,0.73,0.9999266586599871,0.9893303319625018
Random Forest,0.735,0.9999347968132772,0.9893303319625018
Random Forest,0.74,0.9999429349665674,0.9893303319625018
Random Forest,0.745,0.9999619566443784,0.9893303319625018
Random Forest,0.75,0.9999619566443784,0.9893303319625018
Random Forest,0.755,0.9999619566443784,0.9893303319625018
Random Forest,0.76,0.9999619566443784,0.9893303319625018
Random Forest,0.765,0.9999619566443784,0.9893303319625018
Random Forest,0.77,0.9999619566443784,0.9893303319625018
Random Forest,0.775,0.9999619566443784,0.9893303319625018
Random Forest,0.78,0.9999619566443784,0.9893303319625018
Random Forest,0.785,0.9999619566443784,0.9893303319625018
Random Forest,0.79,0.9999619566443784,0.9893303319625018
Random Forest,0.795,0.9999619566443784,0.9893303319625018
Random Forest,0.8,0.9999619566443784,0.9893303319625018
Random Forest,0.805,0.9999619566443784,0.9893303319625018
Random Forest,0.81,0.9999728401688989,0.9893303319625018
Random Forest,0.8150000000000001,0.9999728401688989,0.9893303319625018
Random Forest,0.8200000000000001,0.9999809783221892,0.9893303319625018
Random Forest,0.8250000000000001,0.9999809783221892,0.9893303319625018
Random Forest,0.8300000000000001,0.9999918618467097,0.9893303319625018
Random Forest,0.835,0.9999918618467097,0.9893303319625018
Random Forest,0.84,0.9999918618467097,0.9893303319625018
Random Forest,0.845,0.9999918618467097,0.9893303319625018
Random Forest,0.85,0.9999918618467097,0.9893303319625018
Random Forest,0.855,0.9999918618467097,0.9893303319625018
Random Forest,0.86,0.9999918618467097,0.9893303319625018
Random Forest,0.865,0.9999918618467097,0.9893303319625018
Random Forest,0.87,0.9999918618467097,0.9893303319625018
Random Forest,0.875,0.9999918618467097,0.9893303319625018
Random Forest,0.88,0.9999918618467097,0.9893303319625018
Random Forest,0.885,1.0,0.9893303319625018
Random Forest,0.89,1.0,0.9893303319625018
Random Forest,0.895,1.0,0.9893303319625018
Random Forest,0.9,1.0,0.9893303319625018
Random Forest,0.905,1.0,0.9893303319625018
Random Forest,0.91,1.0,0.9893303319625018
Random Forest,0.915,1.0,0.9893303319625018
Random Forest,0.92,1.0,0.9893303319625018
Random Forest,0.925,1.0,0.9893303319625018
Random Forest,0.93,1.0,0.9893303319625018
Random Forest,0.935,1.0,0.9893303319625018
Random Forest,0.9400000000000001,1.0,0.9893303319625018
Random Forest,0.9450000000000001,1.0,0.9893303319625018
Random Forest,0.9500000000000001,1.0,0.9893303319625018
Random Forest,0.9550000000000001,1.0,0.9893303319625018
Random Forest,0.96,1.0,0.9893303319625018
Random Forest,0.965,1.0,0.9893303319625018
Random Forest,0.97,1.0,0.9893303319625018
Random Forest,0.975,1.0,0.9893303319625018
Random Forest,0.98,1.0,0.9893303319625018
Random Forest,0.985,1.0,0.9893303319625018
Random Forest,0.99,1.0,0.9893303319625018
Random Forest,0.995,1.0,0.9893303319625018
Random Forest,1.0,1.0,0.9893303319625018
HistGradientBoosting,0.0,0.0,0.9840126442843744
HistGradientBoosting,0.005,0.728840022666858,0.9840126442843744
HistGradientBoosting,0.01,0.8043936240102948,0.9840126442843744
HistGradientBoosting,0.015,0.844934101160734,0.9840126442843744
HistGradientBoosting,0.02,0.8696335055357577,0.9840126442843744
HistGradientBoosting,0.025,0.8857633612660649,0.9840126442843744
HistGradientBoosting,0.03,0.8971248331632692,0.9840126442843744
HistGradientBoosting,0.035,0.9069030454509363,0.9840126442843744
HistGradientBoosting,0.04,0.9128333173864244,0.9840126442843744
HistGradientBoosting,0.045,0.9199405471053141,0.9840126442843744
HistGradientBoosting,0.05,0.9268379895745543,0.9840126442843744
HistGradientBoosting,0.055,0.9312662187839775,0.9840126442843744
HistGradientBoosting,0.06,0.9353860720144233,0.9840126442843744
HistGradientBoosting,0.065,0.9390615545966223,0.9840126442843744
HistGradientBoosting,0.07,0.9430990175667187,0.9840126442843744
HistGradientBoosting,0.075,0.9459690226454279,0.9840126442843744
HistGradientBoosting,0.08,0.9495341173970431,0.9840126442843744
HistGradientBoosting,0.085,0.9521892047470877,0.9840126442843744
HistGradientBoosting,0.09,0.9549331723507469,0.9840126442843744
HistGradientBoosting,0.095,0.9575522538537665,0.9840126442843744
HistGradientBoosting,0.1,0.9599700727032506,0.9840126442843744
HistGradientBoosting,0.105,0.9619829574133503,0.9840126442843744
HistGradientBoosting,0.11,0.963881603098316,0.9840126442843744
HistGradientBoosting,0.115,0.9649898613518016,0.9840126442843744
HistGradientBoosting,0.12,0.9670559664520649,0.9840126442843744
HistGradientBoosting,0.125,0.9685111039047702,0.9840126442843744
HistGradientBoosting,0.13,0.9699803821950587,0.9840126442843744
HistGradientBoosting,0.135,0.9717225200122657,0.9840126442843744
HistGradientBoosting,0.14,0.9730866301682003,0.9840126442843744
HistGradientBoosting,0.145,0.9744151083625263,0.9840126442843744
HistGradientBoosting,0.15,0.9756211224158956,0.9840126442843744
HistGradientBoosting,0.155,0.9766450578444469,0.9840126442843744
HistGradientBoosting,0.16,0.9779367538990587,0.9840126442843744
HistGradientBoosting,0.165,0.9787461560500316,0.9840126442843744
HistGradientBoosting,0.17,0.9798189273566428,0.9840126442843744
HistGradientBoosting,0.17500000000000002,0.9805986202260855,0.9840126442843744
HistGradientBoosting,0.18,0.9813539965960583,0.9840126442843744
HistGradientBoosting,0.185,0.9821512269879892,0.9840126442843744
HistGradientBoosting,0.19,0.9828329681367467,0.9840126442843744
HistGradientBoosting,0.195,0.9838492552140113,0.9840126442843744
HistGradientBoosting,0.2,0.9845692356391921,0.9840126442843744
HistGradientBoosting,0.20500000000000002,0.9853937238226248,0.9840126442843744
HistGradientBoosting,0.21,0.9860239886408112,0.9840126442843744
HistGradientBoosting,0.215,0.9865128656006309,0.9840126442843744
HistGradientBoosting,0.22,0.9869313425124693,0.9840126442843744
HistGradientBoosting,0.225,0.9875725888155771,0.9840126442843744
HistGradientBoosting,0.23,0.988111307436842,0.9840126442843744
HistGradientBoosting,0.23500000000000001,0.9887696994208349,0.9840126442843744
HistGradientBoosting,0.24,0.9892342598811845,0.9840126442843744
HistGradientBoosting,0.245,0.9896879368170135,0.9840126442843744
HistGradientBoosting,0.25,0.9900112073793971,0.9840126442843744
HistGradientBoosting,0.255,0.9904894946958981,0.9840126442843744
HistGradientBoosting,0.26,0.990777565234291,0.9840126442843744
HistGradientBoosting,0.265,0.9911252502565454,0.9840126442843744
HistGradientBoosting,0.27,0.9914594043434494,0.9840126442843744
HistGradientBoosting,0.275,0.9916903118880089,0.9840126442843744
HistGradientBoosting,0.28,0.9920462330239543,0.9840126442843744
HistGradientBoosting,0.28500000000000003,0.9925327564541464,0.9840126442843744
HistGradientBoosting,0.29,0.9928043547651575,0.9840126442843744
HistGradientBoosting,0.295,0.9930625201012189,0.9840126442843744
HistGradientBoosting,0.3,0.9933613762037317,0.9840126442843744
HistGradientBoosting,0.305,0.9936059126440421,0.9840126442843744
HistGradientBoosting,0.31,0.9938260346244819,0.9840126442843744
HistGradientBoosting,0.315,0.9939591863691578,0.9840126442843744
HistGradientBoosting,0.32,0.9941927413245472,0.9840126442843744
HistGradientBoosting,0.325,0.994371976617734,0.9840126442843744
HistGradientBoosting,0.33,0.9945866078557132,0.9840126442843744
HistGradientBoosting,0.335,0.9947794720446511,0.9840126442843744
HistGradientBoosting,0.34,0.9949560599270085,0.9840126442843744
HistGradientBoosting,0.34500000000000003,0.9952032437781487,0.9840126442843744
HistGradientBoosting,0.35000000000000003,0.9953744388784462,0.9840126442843744
HistGradientBoosting,0.355,0.9955809319631351,0.9840126442843744
HistGradientBoosting,0.36,0.9957168290790415,0.9840126442843744
HistGradientBoosting,0.365,0.9958635117590673,0.9840126442843744
HistGradientBoosting,0.37,0.9960320594485353,0.9840126442843744
HistGradientBoosting,0.375,0.9961054007885483,0.9840126442843744
HistGradientBoosting,0.38,0.9965059213176818,0.9840126442843744
HistGradientBoosting,0.385,0.9966689782646893,0.9840126442843744
HistGradientBoosting,0.39,0.996807522791425,0.9840126442843744
HistGradientBoosting,0.395,0.9968997878488481,0.9840126442843744
HistGradientBoosting,0.4,0.9970084271732524,0.9840126442843744
HistGradientBoosting,0.405,0.9971252046509471,0.9840126442843744
HistGradientBoosting,0.41000000000000003,0.997206782104651,0.9840126442843744
HistGradientBoosting,0.41500000000000004,0.9972747306626041,0.9840126442843744
HistGradientBoosting,0.42,0.9973372864384972,0.9840126442843744
HistGradientBoosting,0.425,0.9974323948275516,0.9840126442843744
HistGradientBoosting,0.43,0.9975302485878359,0.9840126442843744
HistGradientBoosting,0.435,0.9975954517745588,0.9840126442843744
HistGradientBoosting,0.44,0.9976932075744427,0.9840126442843744
HistGradientBoosting,0.445,0.997791061334727,0.9840126442843744
HistGradientBoosting,0.45,0.9978644026747402,0.9840126442843744
HistGradientBoosting,0.455,0.9981616766615292,0.9840126442843744
HistGradientBoosting,0.46,0.9982106035416715,0.9840126442843744
HistGradientBoosting,0.465,0.9982948284062052,0.9840126442843744
HistGradientBoosting,0.47000000000000003,0.9983247336085365,0.9840126442843744
HistGradientBoosting,0.47500000000000003,0.9983655223353887,0.9840126442843744
HistGradientBoosting,0.48,0.998422587368821,0.9840126442843744
HistGradientBoosting,0.485,0.9985150483470456,0.9840126442843744
HistGradientBoosting,0.49,0.9985856443158284,0.9840126442843744
HistGradientBoosting,0.495,0.9986344732355698,0.9840126442843744
HistGradientBoosting,0.5,0.998683400115712,0.9840126442843744
HistGradientBoosting,0.505,0.9987024217935231,0.9840126442843744
HistGradientBoosting,0.51,0.9987458579312045,0.9840126442843744
HistGradientBoosting,0.515,0.9987676249802456,0.9840126442843744
HistGradientBoosting,0.52,0.9988599879980696,0.9840126442843744
HistGradientBoosting,0.525,0.9988681261513597,0.9840126442843744
HistGradientBoosting,0.53,0.9988952859824608,0.9840126442843744
HistGradientBoosting,0.535,0.9989305839668522,0.9840126442843744
HistGradientBoosting,0.54,0.9990986488126349,0.9840126442843744
HistGradientBoosting,0.545,0.9991448303215469,0.9840126442843744
HistGradientBoosting,0.55,0.9991747355238783,0.9840126442843744
HistGradientBoosting,0.555,0.9992046407262097,0.9840126442843744
HistGradientBoosting,0.56,0.9992454294530617,0.9840126442843744
HistGradientBoosting,0.5650000000000001,0.9993024944864943,0.9840126442843744
HistGradientBoosting,0.5700000000000001,0.9993514213666365,0.9840126442843744
HistGradientBoosting,0.5750000000000001,0.9993785811977375,0.9840126442843744
HistGradientBoosting,0.58,0.9994193699245896,0.9840126442843744
HistGradientBoosting,0.585,0.9994411369736307,0.9840126442843744
HistGradientBoosting,0.59,0.9994411369736307,0.9840126442843744
HistGradientBoosting,0.595,0.9994601586514416,0.9840126442843744
HistGradientBoosting,0.6,0.9994791803292523,0.9840126442843744
HistGradientBoosting,0.605,0.9994873184825427,0.9840126442843744
HistGradientBoosting,0.61,0.9995090855315839,0.9840126442843744
HistGradientBoosting,0.615,0.9995362453626849,0.9840126442843744
HistGradientBoosting,0.62,0.9995525216692653,0.9840126442843744
HistGradientBoosting,0.625,0.9996095867026978,0.9840126442843744
HistGradientBoosting,0.63,0.9996204702272184,0.9840126442843744
HistGradientBoosting,0.635,0.9996531208007803,0.9840126442843744
HistGradientBoosting,0.64,0.9996531208007803,0.9840126442843744
HistGradientBoosting,0.645,0.9996640043253008,0.9840126442843744
HistGradientBoosting,0.65,0.9996830260031117,0.9840126442843744
HistGradientBoosting,0.655,0.9997020476809225,0.9840126442843744
HistGradientBoosting,0.66,0.9997101858342127,0.9840126442843744
HistGradientBoosting,0.665,0.9997183239875029,0.9840126442843744
HistGradientBoosting,0.67,0.9997292075120237,0.9840126442843744
HistGradientBoosting,0.675,0.9997292075120237,0.9840126442843744
HistGradientBoosting,0.68,0.9997536219718943,0.9840126442843744
HistGradientBoosting,0.685,0.9997617601251846,0.9840126442843744
HistGradientBoosting,0.6900000000000001,0.999769898278475,0.9840126442843744
HistGradientBoosting,0.6950000000000001,0.9997780364317651,0.9840126442843744
HistGradientBoosting,0.7000000000000001,0.9997780364317651,0.9840126442843744
HistGradientBoosting,0.705,0.9997943127383456,0.9840126442843744
HistGradientBoosting,0.71,0.9998024508916359,0.9840126442843744
HistGradientBoosting,0.715,0.9998024508916359,0.9840126442843744
HistGradientBoosting,0.72,0.999829610722737,0.9840126442843744
HistGradientBoosting,0.725,0.999829610722737,0.9840126442843744
HistGradientBoosting,0.73,0.999829610722737,0.9840126442843744
HistGradientBoosting,0.735,0.9998458870293174,0.9840126442843744
HistGradientBoosting,0.74,0.999862163335898,0.9840126442843744
HistGradientBoosting,0.745,0.999862163335898,0.9840126442843744
HistGradientBoosting,0.75,0.9998811850137088,0.9840126442843744
HistGradientBoosting,0.755,0.9998811850137088,0.9840126442843744
HistGradientBoosting,0.76,0.9998974613202893,0.9840126442843744
HistGradientBoosting,0.765,0.9999055994735796,0.9840126442843744
HistGradientBoosting,0.77,0.9999055994735796,0.9840126442843744
HistGradientBoosting,0.775,0.9999055994735796,0.9840126442843744
HistGradientBoosting,0.78,0.9999055994735796,0.9840126442843744
HistGradientBoosting,0.785,0.9999055994735796,0.9840126442843744
HistGradientBoosting,0.79,0.9999164829981001,0.9840126442843744
HistGradientBoosting,0.795,0.9999164829981001,0.9840126442843744
HistGradientBoosting,0.8,0.9999164829981001,0.9840126442843744
HistGradientBoosting,0.805,0.9999164829981001,0.9840126442843744
HistGradientBoosting,0.81,0.9999164829981001,0.9840126442843744
HistGradientBoosting,0.8150000000000001,0.9999164829981001,0.9840126442843744
HistGradientBoosting,0.8200000000000001,0.9999164829981001,0.9840126442843744
HistGradientBoosting,0.8250000000000001,0.9999164829981001,0.9840126442843744
HistGradientBoosting,0.8300000000000001,0.9999164829981001,0.9840126442843744
HistGradientBoosting,0.835,0.9999164829981001,0.9840126442843744
HistGradientBoosting,0.84,0.9999164829981001,0.9840126442843744
HistGradientBoosting,0.845,0.9999164829981001,0.9840126442843744
HistGradientBoosting,0.85,0.9999273665226208,0.9840126442843744
HistGradientBoosting,0.855,0.9999273665226208,0.9840126442843744
HistGradientBoosting,0.86,0.9999273665226208,0.9840126442843744
HistGradientBoosting,0.865,0.9999273665226208,0.9840126442843744
HistGradientBoosting,0.87,0.9999273665226208,0.9840126442843744
HistGradientBoosting,0.875,0.9999273665226208,0.9840126442843744
HistGradientBoosting,0.88,0.9999273665226208,0.9840126442843744
HistGradientBoosting,0.885,0.9999273665226208,0.9840126442843744
HistGradientBoosting,0.89,0.999935504675911,0.9840126442843744
HistGradientBoosting,0.895,0.999935504675911,0.9840126442843744
HistGradientBoosting,0.9,0.999935504675911,0.9840126442843744
HistGradientBoosting,0.905,0.999935504675911,0.9840126442843744
HistGradientBoosting,0.91,0.999935504675911,0.9840126442843744
HistGradientBoosting,0.915,0.999935504675911,0.9840126442843744
HistGradientBoosting,0.92,0.999935504675911,0.9840126442843744
HistGradientBoosting,0.925,1.0,0.9840126442843744
HistGradientBoosting,0.93,1.0,0.9840126442843744
HistGradientBoosting,0.935,1.0,0.9840126442843744
HistGradientBoosting,0.9400000000000001,1.0,0.9840126442843744
HistGradientBoosting,0.9450000000000001,1.0,0.9840126442843744
HistGradientBoosting,0.9500000000000001,1.0,0.9840126442843744
HistGradientBoosting,0.9550000000000001,1.0,0.9840126442843744
HistGradientBoosting,0.96,1.0,0.9840126442843744
HistGradientBoosting,0.965,1.0,0.9840126442843744
HistGradientBoosting,0.97,1.0,0.9840126442843744
HistGradientBoosting,0.975,1.0,0.9840126442843744
HistGradientBoosting,0.98,1.0,0.9840126442843744
HistGradientBoosting,0.985,1.0,0.9840126442843744
HistGradientBoosting,0.99,1.0,0.9840126442843744
HistGradientBoosting,0.995,1.0,0.9840126442843744
HistGradientBoosting,1.0,1.0,0.9840126442843744
